url,category,timestamp,timeelapse
https://catalog.data.gov/dataset/electric-vehicle-population-data,transport,1685800385215586786,0.0
https://catalog.data.gov/dataset/alzheimers-disease-and-healthy-aging-data,transport,1685800436098914838,50883328000.0
https://catalog.data.gov/dataset/demographic-statistics-by-zip-code,education,1685800509058372136,72959457280.0
https://catalog.data.gov/dataset/motor-vehicle-collisions-crashes,education,1685800563351460102,54293088000.0
https://catalog.data.gov/dataset/crime-data-from-2020-to-present,education,1685800585895518726,22544058624.0
https://catalog.data.gov/dataset/food-price-outlook,education,1685800675991408272,90095889664.0
https://catalog.data.gov/dataset/auto-sales,transport,1685800762056409811,86065001472.0
https://catalog.data.gov/dataset/hud-low-and-moderate-income-areas,finance,1685800845895442498,83839032576.0
https://catalog.data.gov/dataset/real-estate-sales-2001-2018,transport,1685800949590761697,103695319296.0
https://catalog.data.gov/dataset/national-flood-hazard-layer-nfhl,finance,1685800995073614771,45482853120.0
https://catalog.data.gov/dataset/u-s-hourly-precipitation-data2,education,1685801019952430231,24878815488.0
https://catalog.data.gov/dataset/public-school-characteristics-2020-21,education,1685801104432079778,84479649536.0
https://catalog.data.gov/dataset/air-quality,education,1685801128736664425,24304584448.0
https://catalog.data.gov/dataset/popular-baby-names,education,1685801152432479113,23695814912.0
https://catalog.data.gov/dataset/nypd-shooting-incident-data-historic,education,1685801249303626347,96871147008.0
https://data.gov.uk/dataset/3c0241bf-1b3c-48a0-a44b-4f8858c6f9f2/public-data-group-survey,education,1685801337995497547,88691871232.0
https://data.gov.uk/dataset/70f5dbbe-e8ed-43dd-8989-6217deb9552b/geospatial-data-catalogue-hm-land-registry,technology,1685801359447404300,21451906816.0
https://data.gov.uk/dataset/2d7dfc3e-034a-4b38-98e7-bf9d66f017e8/sopcial-investment-fund-market-research-2010-11-survey-data-on-sifi-investment,education,1685801483151361858,123703957504.0
https://data.gov.uk/dataset/b7a51800-b36f-4878-b017-2d4c0862e95f/fsa-it-health-checks,health,1685801632971839018,149820477184.0
https://data.gov.uk/dataset/47f4970b-4dd0-4a5f-8c1a-ba4b40cfd3ad/health-and-safety-incidents,transport,1685801647295543719,14323704832.0
https://data.gov.uk/dataset/e945d1f5-72fe-4b08-8b58-8e68d83441b5/uk-food-hygiene-rating-data-london-food-standards-agency,education,1685801676289084758,28993540864.0
https://data.gov.uk/dataset/b4ec2594-1d52-4312-a7be-fd7b08e62c5d/uk-food-hygiene-rating-data-scotland-food-standards-agency,education,1685801709441700029,33152615424.0
https://data.gov.uk/dataset/a645e5dc-d8bd-4acc-8f90-565d29b43319/uk-food-hygiene-rating-data-yorkshire-and-humberside-food-standards-agency,education,1685801736593542034,27151842048.0
https://data.gov.uk/dataset/4abefa87-d891-42ba-946a-c7533ee347cb/uk-food-hygiene-rating-data-north-east-food-standards-agency,education,1685801756258217449,19664675328.0
https://data.gov.uk/dataset/f1b55bed-dcb6-4447-bed3-7719a2f40777/uk-food-hygiene-rating-data-south-east-food-standards-agency,education,1685801778203351957,21945134592.0
https://data.gov.uk/dataset/20c3121b-308f-4965-87e1-5776279f6386/ex46-credibility-check-data,education,1685801815539285486,37335933440.0
https://data.gov.uk/dataset/b9c87a1f-0c6a-479a-8fef-f85606b296fc/uk-food-hygiene-rating-data-northern-ireland-food-standards-agency,education,1685801843430220753,27890935296.0
https://data.gov.uk/dataset/c4047886-c3ba-427f-bafc-9804c11a5ab9/food-hygiene-ratings-website-pages,technology,1685801862253190454,18822969600.0
https://data.gov.uk/dataset/bee79b5d-0bc4-430f-88ed-cedd3c0aac7e/uk-food-hygiene-rating-data-wales-welsh-language-food-standards-agency,education,1685801881533159794,19279969280.0
https://data.gov.uk/dataset/d4988f8e-0862-4e2f-afc4-9dad8c7f7879/uk-food-hygiene-rating-data-west-midlands-food-standards-agency,education,1685801911291132643,29757972992.0
https://data.gov.uk/dataset/669273c6-13df-445c-963d-50e1f9419c5f/uk-food-hygiene-rating-data-wales-english-language-food-standards-agency,education,1685801943516452869,32225320192.0
https://data.gov.uk/dataset/7bd91ab0-2fc2-479b-9597-8d96158ce4d1/uk-food-hygiene-rating-data-south-west-food-standards-agency,education,1685801969050132500,25533679616.0
https://data.gov.uk/dataset/4711413d-9504-4dca-a63c-698d0bd6af5e/uk-food-hygiene-rating-data-north-west-food-standards-agency,education,1685801996827233141,27777100544.0
https://data.gov.uk/dataset/3e358499-eb65-4dde-9b08-9de6cac52efb/food-hygiene-ratings-website-traffic,technology,1685802025722756124,28895523072.0
https://data.gov.uk/dataset/eafdb1b0-da2c-4860-b8ff-4c01c15fac7a/conditional-cautioning-data-q2-2013-2014,education,1685802092116706595,66393950464.0
https://data.gov.uk/dataset/dc7a7861-0c1a-44ea-9be8-a98ef8fde085/crown-prosecution-service-case-outcomes-by-principal-offence-category-november-2011,finance,1685802122884769897,30768063232.0
https://data.gov.uk/dataset/e6fdc66f-fb5f-4922-aa7f-788a4c55d517/crown-prosecution-service-case-outcomes-by-principal-offence-category-august-2011,finance,1685802174096359018,51211589120.0
https://data.gov.uk/dataset/4e6152b7-4e99-43ba-9af3-71f13ba4710d/crown-prosecution-service-case-outcomes-by-principal-offence-category-september-2011,finance,1685802236816371096,62720012288.0
https://data.gov.uk/dataset/51956c77-f844-428f-ba10-705b689afb80/crown-prosecution-service-case-outcomes-by-principal-offence-category-november-2010,finance,1685802286093415805,49277044480.0
https://data.gov.uk/dataset/cd02086a-16a0-44f7-98e4-354cc24e19b8/crown-prosecution-service-violence-against-women-and-girls-annual-report-2014-2015-data,education,1685802436160497328,150067081728.0
https://data.gov.uk/dataset/d4217256-bc4a-42c6-af48-a2626adcdb4b/crown-prosecution-service-major-projects-portfolio-data-2015,education,1685802605698858815,169538361344.0
https://data.gov.uk/dataset/263fabde-a1ec-4525-8daa-a81427d9572d/cycling-city-and-towns-cct-evaluation-survey-data,education,1685802810186219912,204487361280.0
https://data.gov.uk/dataset/adfaeb31-09d7-4a5f-93d9-dc911409d304/hmrc-data-catalogue,education,1685803070329816935,260143596800.0
https://data.gov.uk/dataset/73637762-69d9-496a-b601-e451b31461af/child-tax-credit-and-working-tax-credit-statistics-error-and-fraud,education,1685803238602745572,168272928768.0
https://data.gov.uk/dataset/abd55cc4-297f-4126-b130-455338697763/forestry-statistics,education,1685803441229772550,202627026944.0
https://data.gov.uk/dataset/ab529b44-70eb-4b8d-a2f9-474ff6527e72/phytoplankton-results-for-northern-ireland,transport,1685803458272764456,17042991872.0
https://data.gov.uk/dataset/43745d7a-47b7-4fb8-b64b-e04cb969284c/public-opinion-of-forestry-wales,education,1685803519424120846,61151356416.0
https://data.gov.uk/dataset/a4c92956-78c9-4517-b8b6-f092240702d2/social-media-search-stream-data,education,1685803563897754503,44473633792.0
https://data.gov.uk/dataset/9ceb072a-4345-4357-b225-2cb99cc099b1/public-opinion-of-forestry-northern-ireland,education,1685803675449558192,111551803648.0
https://data.gov.uk/dataset/a4feed5f-cdd9-4898-8f27-a4b14758a48e/higher-qualifications,transport,1685803817475709429,142026151168.0
https://data.gov.uk/dataset/b2b11319-8430-4423-9d2e-9a059d61eeef/supplemental-qualifications,transport,1685803848854546724,31378837248.0
https://data.gov.uk/dataset/7566c00e-f559-4a4e-a07a-0a153f9fe2bb/raiseonline-school-performance-absence-and-exclusion-and-census-data,education,1685803946428544301,97573997568.0
https://data.gov.uk/dataset/f6706084-9c82-4a50-a781-41e0e6229948/raw-drinking-milk-premises-in-england-wales-and-northern-ireland,climate_environment,1685804093864520683,147435976448.0
https://data.gov.uk/dataset/2a83a1c2-cb99-4170-afc4-ee2643994a9d/housing-strategy-statistical-appendix-hssa,education,1685804249722846453,155858325760.0
https://data.gov.uk/dataset/2715cb03-0f8d-4d0c-8a30-b03921514521/estimated-re-use-recycling-and-disposal-of-hard-construction-and-demoltion-and-excavation-waste-by-region,education,1685804304631943395,54909096960.0
https://data.gov.uk/dataset/25a37d5e-ace8-44f6-8e23-d6574152e1d4/rural-development-programme-for-england-rdpe-delivery-team-technical-assistance-funding,education,1685804326773904452,22141960960.0
https://data.gov.uk/dataset/700c2f38-a242-4009-9313-0b9422a67a7a/the-national-archives-gpc-spend-data,technology,1685804458216393853,131442489344.0
https://data.gov.uk/dataset/d918e0ee-4c51-4d4d-be08-b0d1349149b7/all-gpc-transparency-reports,education,1685804718222408564,260006014720.0
https://catalog.data.gov/dataset/national-parks,education,1685805160147390479,441924982016.0
https://catalog.data.gov/dataset/diabetes,education,1685805221765448682,61618058240.0
https://catalog.data.gov/dataset/meteorite-landings,transport,1685805275110664645,53345216000.0
https://catalog.data.gov/dataset/warehouse-and-retail-sales,transport,1685805295414169991,20303505408.0
https://catalog.data.gov/dataset/school-attendance-by-student-group-and-district-2021-2022,education,1685805315452978488,20038808320.0
https://catalog.data.gov/dataset/air-traffic-passenger-statistics,education,1685805335815818717,20362840320.0
https://catalog.data.gov/dataset/pittsburgh-american-community-survey-2015-miscellaneous-data,education,1685805372415012910,36599194112.0
https://catalog.data.gov/dataset/2010-census-populations-by-zip-code,education,1685805421106363728,48691350784.0
https://catalog.data.gov/dataset/listing-of-active-businesses,education,1685805457569274046,36462910464.0
https://catalog.data.gov/dataset/crash-reporting-drivers-data,education,1685805496323037027,38753762816.0
https://data.gov.uk/dataset/9ffbb012-a69b-490c-8030-0e3d81ce0851/tregantle-firing-programme,technology,1685805618060970986,121737934080.0
https://data.gov.uk/dataset/ab7ee587-6998-4d99-90b3-c57150f868eb/uk-search-and-rescue-sar-data-site,education,1685805644400274282,26339303168.0
https://data.gov.uk/dataset/20864c1c-dff5-4e69-a3c6-bd7fda5714dc/missing-trader-intra-community-mtic-data,education,1685823536751105634,17892350831360.0
https://data.gov.uk/dataset/545b806e-856b-4307-a6fb-7a4959cb0b59/cross-savings-pensions-longitudinal-data,education,1685823649612684857,112861579264.0
https://data.gov.uk/dataset/fd50134d-a38e-4fab-9ffd-0d61591e3e2d/tax-gap-data,education,1685824435579752341,785967067648.0
https://data.gov.uk/dataset/d198b14a-509f-4dee-8bd9-e3ecb8da8256/family-food-survey,education,1685824621023581951,185443829504.0
https://data.gov.uk/dataset/a0a21088-f0bd-4508-8099-0944433592bc/property-sales-based-on-land-registry-data,education,1685824666735877645,45712295680.0
https://data.gov.uk/dataset/b9a7b2dd-aa68-430e-9eb6-23d068b43184/press-notice-distribution-data,education,1685824712654086366,45918208768.0
https://data.gov.uk/dataset/d19a6d62-73c1-4186-b35f-81daff218d17/government-land-and-property-disposals-data-2015-to-2016-and-2016-to-2017,education,1685824844495307950,131841221632.0
https://data.gov.uk/dataset/267d7021-ee25-4450-9238-1eed75418b25/amr-in-campylobacter-jejuni-and-campylobacter-coli-in-uk-retail-chicken,health,1685825081197453179,236702145024.0
https://data.gov.uk/dataset/85bc224d-03ca-4816-b2ee-8734e0e7ff2d/hospital-records,Agriculture,1685825125530739847,44333286912.0
https://data.gov.uk/dataset/2cd4edb1-51bc-4179-b528-218ae15790c4/hpi-quality-of-social-care,climate_environment,1685825274246051070,148715311104.0
https://data.gov.uk/dataset/fc2d9301-762d-4e96-b606-661a22c0f304/uk-food-hygiene-rating-data-east-midlands-food-standards-agency,education,1685825366669928716,92423877632.0
https://data.gov.uk/dataset/0ab7f77c-9fad-49ff-badb-72f8a47fa31c/uk-food-hygiene-rating-data-east-counties-food-standards-agency,education,1685825445996226806,79326298112.0
https://data.gov.uk/dataset/43038f2d-6d94-4e6d-bbf9-04bf58726ad3/fsa-audits-of-approved-meat-establishments,education,1685825568884733858,122888507136.0
https://data.gov.uk/dataset/04fec73c-8003-4058-b4c8-5f932ece5375/crown-prosecution-service-case-outcomes-by-principal-offence-category-june-2011,finance,1685825952981732200,384096998144.0
https://data.gov.uk/dataset/8bcdbb4d-bdf7-40ec-bc25-3ba9e8492d2a/cps-conditional-cautions-non-compliance-and-compliance-rates,transport,1685826008389753248,55408021248.0
https://data.gov.uk/dataset/80657f13-ef27-4786-b208-611dedd1287a/crown-prosecution-service-conditional-cautioning-data-quarter-3-2011-2012,transport,1685826025703721433,17313968128.0
https://data.gov.uk/dataset/7587fc03-d8f0-4d1d-9d0c-8adcff90fbd6/crown-prosecution-service-conditional-cautioning-data-quarter-4-2011-2012,transport,1685826049903725836,24200004352.0
https://data.gov.uk/dataset/73f0c568-f80b-4dd3-938a-2dadfa7321ea/crown-prosecution-service-workforce-diversity-data-2018-2019,transport,1685826094312028597,44408302848.0
https://data.gov.uk/dataset/5d81b41b-d746-4ca8-a449-b99a3dacfc30/crown-prosecution-service-workforce-diversity-data-2008-2009,finance,1685826144465315922,50153287168.0
https://data.gov.uk/dataset/1211cef0-b153-4b7e-902c-f9786a9dd29a/vehicle-licence-data,education,1685887621403832014,61476938516224.0
https://data.gov.uk/dataset/f1cf013d-267e-414e-ae1f-f16545be371a/c18-forms-data,education,1685888126421924705,505018092544.0
https://data.gov.uk/dataset/5e4cb910-1ce1-4801-aac3-f338edcf455f/monthly-differences-data,education,1685888363625387987,237203463424.0
https://data.gov.uk/dataset/46dfa0df-a80e-46a2-914a-28095ddf2964/cash-management,transport,1685888838847660809,475222272768.0
https://data.gov.uk/dataset/5cfe7513-1a21-41ff-aef5-678dd631f8ef/public-opinion-of-forestry-scotland,education,1685889050665209625,211817548800.0
https://data.gov.uk/dataset/6aec094c-4bd7-4bea-8ae1-d2cdcee13ba8/fci-ccir-iris-conditions,education,1685889102238791775,51573582080.0
https://data.gov.uk/dataset/8f241d90-3c60-4b8e-a28b-fa5ffe7a87af/data-sharing-register,education,1685889200066724882,97827933184.0
https://data.gov.uk/dataset/cf0adf86-5936-46f0-8d5f-73049b135d76/animal-welfare-and-hygiene-compliance-sections,finance,1685889303816113024,103749388288.0
https://data.gov.uk/dataset/786c5368-b8e4-456f-b12c-d5148903a6cb/public-opinion-of-forestry-uk-and-england,education,1685889508007655443,204191542272.0
https://data.gov.uk/dataset/286d3778-cad8-4d14-88c5-61e41680c602/attainment-and-finance-data-for-secondary-schools-england-2009,education,1685890195102577795,687094922496.0
https://data.gov.uk/dataset/7c540af1-e780-48de-8f66-95d1c85c362f/northern-ireland-qualifications-quarterly,transport,1685890311694954072,116592376064.0
https://data.gov.uk/dataset/1259c1bc-19c1-42c3-9a25-32f03554d59e/housing-in-england,education,1685890487855372138,176160418048.0
https://data.gov.uk/dataset/13a64f9e-af06-485f-8b1c-68cef1495b4f/social-housing-sales,education,1685890684983488757,197128116736.0
https://data.gov.uk/dataset/13e9fae8-c5d0-4c18-97bf-f8b3fa7ea666/social-housing-lettings-sales,education,1685890789017091382,104033602560.0
https://data.gov.uk/dataset/7189ef00-0d1e-436e-bdb5-181519bccead/spend-over-25-000-in-the-forestry-commission,Agriculture,1685891333492158949,544475067648.0
https://data.gov.uk/dataset/3d81054a-8570-4312-b4b4-4455aa96871b/sfo-government-procurement-card-expenditure,education,1685891605516968705,272024809728.0
https://catalog.data.gov/dataset/soil-survey-geographic-database-ssurgo,Agriculture,1685891993965845272,388448876544.0
https://catalog.data.gov/dataset/tax-lien-sale-lists,education,1685892025495895983,31530050816.0
https://catalog.data.gov/dataset/abs-store-inventory-and-sale-items,transport,1685892235567231356,210071335168.0
https://catalog.data.gov/dataset/motor-carrier-registrations-census-files,transport,1685892315107005532,79539774208.0
https://catalog.data.gov/dataset/trips-by-distance,education,1685892356211669578,41104664064.0
https://data.gov.uk/dataset/e9063d5b-67d7-4c81-b01d-0f84801c02e2/key-tax-deadlines-for-tax-agents,education,1685892846706053098,490494383616.0
https://data.gov.uk/dataset/57e82236-a952-42e4-8fb8-3ed9878fd5d9/child-benefit-data-take-up,education,1685893041685367201,194979314176.0
https://data.gov.uk/dataset/4ab6aeba-8c4c-457f-b1d7-979b92e47681/misuse-of-data,education,1685893091897983514,50212616192.0
https://data.gov.uk/dataset/e4c7885a-fa01-4a60-b1bc-80d23645ae66/trust-data-marts,education,1685893131058812584,39160829184.0
https://data.gov.uk/dataset/f3760875-a539-480c-b924-ee7ba4a763ee/child-tax-credit-and-working-tax-credit-statistics-finalised-award,education,1685893236666034391,105607221760.0
https://data.gov.uk/dataset/c22ec2d3-dd37-461d-961f-31d73e61a526/child-trust-funds-ctf-data,education,1685893267759620706,31093586176.0
https://data.gov.uk/dataset/10bd938d-2202-4b95-b622-6d4661574d98/corporation-tax-data-mining-mart-ct-dmm,education,1685893325045251960,57285631232.0
https://data.gov.uk/dataset/64af05ec-afcf-4d66-8692-ec8666ded0b4/british-superbike-competition-data,education,1685902398867978506,9073822726656.0
https://data.gov.uk/dataset/eab8b212-0a4c-474c-844b-0a05a399a536/assessment-centre-data,education,1685902483756979253,84889000704.0
https://data.gov.uk/dataset/806fd7dc-cd29-4cf2-b0d9-226535df890d/property-asset-contract-management-data,education,1685902562574216859,78817237760.0
https://data.gov.uk/dataset/32e2a565-a8dd-4173-8bc2-447710fe5c27/hpi-social-care-resourcing,education,1685902718600284432,156026067456.0
https://data.gov.uk/dataset/13fdb1ea-1b74-4da2-ac5d-255f9c8235cf/psychological-therapy-staff,transport,1685902750252550124,31652265728.0
https://data.gov.uk/dataset/2afe77f9-ffe8-4a69-a3d9-1043b59399ba/european-arrest-warrant-data,Agriculture,1685902970771740135,220519190016.0
https://data.gov.uk/dataset/2c22f164-9c53-4ed7-818b-770ca69fdbf0/crime-in-england-and-wales-supplementary-volume-3,climate_environment,1685903013017229563,42245489408.0
https://data.gov.uk/dataset/2c7a9695-00fb-4e79-9d08-46899b44b591/crime-in-england-and-wales-annual-report,climate_environment,1685903027950681251,14933451776.0
https://data.gov.uk/dataset/343832cf-6ac1-4e89-bfbd-198f5048f158/an-estimate-of-youth-crime-in-england-and-wales-police-recorded-crime-committed-by-young-people-in-2009-10,education,1685903045587609994,17636928768.0
https://data.gov.uk/dataset/0d4b6ad5-df36-45db-9973-44233bf8c6cf/local-crime-and-justice-asbo-tool-underlying-data,education,1685903262364837167,216777227008.0
https://data.gov.uk/dataset/cb7ae6f0-4be6-4935-9277-47e5ce24a11f/road-safety-data,technology,1685903377819638104,115454800896.0
https://data.gov.uk/dataset/d0be1ed2-9907-4ec4-b552-c048f6aec16a/gb-driving-licence-data,education,1685903447449513252,69629875200.0
https://data.gov.uk/dataset/3312be57-3a29-475f-951d-fa75f49ce400/department-for-transport-prompt-payment-performance,transport,1685903645728725360,198279212032.0
https://data.gov.uk/dataset/2cf1e517-ba5b-45b8-9e0c-b045a8fc105a/national-rail-trends-nrt-data,education,1685903692866694419,47137969152.0
https://data.gov.uk/dataset/7d866093-2af5-4076-896a-2d19ca2708bb/transaction-data,education,1685903860801162011,167934467584.0
https://data.gov.uk/dataset/4f5d1d08-698b-4dc8-af78-41fa2610f175/fsa-data-catalogue,education,1685903892507756068,31706594048.0
https://data.gov.uk/dataset/ce1be7d8-eb70-4225-bf90-239dea40a687/value-added-tax-vat-live-mainframe-data,education,1685903983508062766,91000306688.0
https://data.gov.uk/dataset/94f5b96f-5ecd-421a-9084-d2c2788063fc/monthly-differences-data,education,1685904038180982653,54672919808.0
https://data.gov.uk/dataset/4914aa92-d251-4e87-97c3-53c39fabb405/fsa-headcount,health,1685904069097352209,30916369664.0
https://data.gov.uk/dataset/3fb64b57-c29e-4925-9306-71eb80bcc99b/northern-ireland-phytoplankton-results,transport,1685904258801348164,189703995904.0
https://data.gov.uk/dataset/482e50cf-9a20-490d-aaf3-c4cc1e65f9f9/northern-ireland-biotoxin-results,transport,1685904281202405861,22401057792.0
https://data.gov.uk/dataset/a8cffab7-30fb-480b-8c40-ae6309253a76/northern-ireland-microbiological-results,transport,1685904297393520848,16191115008.0
https://data.gov.uk/dataset/113a57ab-7c58-4d52-9d6a-4667cc969bf0/intercity-west-coast-data-site,education,1685904416618196565,119224675584.0
https://data.gov.uk/dataset/3137ae38-7768-4072-91bb-945ae56bd4a7/radioactive-waste-disposal-1997-to-2006,technology,1685904584690104629,168071908096.0
https://data.gov.uk/dataset/31d34de0-f617-4f35-86af-4e9655c337b5/department-for-food-environment-and-rural-affairs-defra-omnicom-defra-science-information-system,education,1685904617074117153,32384012544.0
https://data.gov.uk/dataset/3396a5a6-8516-4922-a587-b1f1ce00e598/private-registered-providers-of-social-housing,education,1685905094587127406,477513010176.0
https://data.gov.uk/dataset/4534a874-c6f7-42e0-a3a6-df61f9f08e7f/rural-development-programme-for-england-rdpe-delivery-team-electronic-case-file-viewer,education,1685915752476696466,10657889569280.0
https://data.gov.uk/dataset/a993470a-50bf-4d6d-88b4-30dd08394750/hm-treasury-real-time-data-page-for-energy-consumption,education,1685915765883897286,13407200768.0
https://data.gov.uk/dataset/a9f0a89c-b56e-4dab-9bad-aea28fddc0ce/mod-head-office-live-data-page-for-energy-consumption,education,1685915795017647503,29133750272.0
https://data.gov.uk/dataset/7ece7734-5248-4d86-80d6-8ecd3becd75a/the-national-archives-oscar-spending-data,technology,1685915899316584801,104298937088.0
https://data.gov.uk/dataset/e7129f01-88fd-4a60-b278-0f58336e1a8c/financial-data,education,1685915928001544805,28684960000.0
https://data.gov.uk/dataset/4fd85e63-85cb-43c2-843f-1667b99d4757/food-standards-agency-science-and-evidence-expenditure-2012-2013,education,1685916083617490143,155615945472.0
https://data.gov.uk/dataset/5f431843-d8f3-473d-be56-4f84dcdff192/national-archives-explanation-of-monthly-spend,technology,1685916096719868509,13102378240.0
https://data.gov.uk/dataset/5818b4c1-180a-49f8-ba37-29c96d468073/crown-prosecution-service-information-on-gpc-card-expenditure-over-500,finance,1685916110190025132,13470156800.0
https://catalog.data.gov/dataset/cancer-rates-5cf0c,education,1685916298683316537,188493291264.0
https://catalog.data.gov/dataset/public-school-characteristics-current,education,1685916346483285821,47799969280.0
https://catalog.data.gov/dataset/accidental-drug-related-deaths-2012-2018,transport,1685916377668815169,31185529344.0
https://catalog.data.gov/dataset/electric-vehicle-charging-stations,transport,1685916395548036424,17879221248.0
https://catalog.data.gov/dataset/m-wbe-lbe-and-ebe-certified-business-list,education,1685916490367369610,94819333376.0
https://catalog.data.gov/dataset/financial-statement-data-sets,education,1685916508315252336,17947882496.0
https://catalog.data.gov/dataset/county-level-data-sets,Agriculture,1685916534302275267,25987023104.0
https://catalog.data.gov/dataset/border-crossing-entry-data-683ae,education,1685916602270034271,67967758848.0
https://data.gov.uk/dataset/782eef45-9eb4-410f-bd85-ae97942f69af/crown-prosecution-service-violence-against-women-and-girls-report-2012-2013,education,1685917039012298398,436742264320.0
https://data.gov.uk/dataset/9d237341-b7ba-43fa-b6aa-6aa8ccc207f7/hygiene-inspections-and-populations-at-egg-production-sites-in-england-and-wales,health,1685917105012749606,66000451072.0
https://data.gov.uk/dataset/0dd15573-3a1d-4722-9043-194c680b7cc2/missing-trader-intra-community-mtic-data,education,1685917119300801024,14288051456.0
https://data.gov.uk/dataset/245aebdb-e6a1-4f9b-8f75-00d15a8509bf/cross-savings-pensions-longitudinal-data,education,1685917166037162178,46736361216.0
https://data.gov.uk/dataset/ea058686-e237-4335-9c42-2b453327748d/crown-prosecution-service-conditional-cautioning-data-quarter-2-2012-2013,transport,1685917205477858511,39440696320.0
https://data.gov.uk/dataset/bc0ffe68-df48-4960-9a74-6db3b6589301/guernsey-and-jersey-sales-and-tax-data-small-consignments,education,1685917452875529024,247397670400.0
https://data.gov.uk/dataset/21894ef2-24bd-4cc6-9ff6-7c533074c954/england-otter-survey-database,Agriculture,1685917673341684395,220466155520.0
https://data.gov.uk/dataset/45010448-42e3-4935-bd35-6b016f62742c/she-health-and-safety,transport,1685917762805833055,89464148480.0
https://data.gov.uk/dataset/3eee10d3-ca1e-4e19-a98f-4920277701e0/abortion-statistics-england-and-wales,climate_environment,1685917784545833371,21740000512.0
https://data.gov.uk/dataset/40eff052-63a9-4302-9c03-6b68377eb1b4/attitudes-to-mental-illness,education,1685917796906550464,12360717056.0
https://data.gov.uk/dataset/9dde44f8-0ef5-458d-bdf0-c8226851a987/mental-health-learning-disability-statistics,transport,1685917841617064441,44710513920.0
https://data.gov.uk/dataset/9de35f7d-2c28-4397-a74f-76244f7ad8e6/statistics-on-waiting-times-for-suspected-and-diagnosed-cancer-patients-annual-report,education,1685917877240452228,35623387904.0
https://data.gov.uk/dataset/2616bf74-0cde-4df2-994f-da59662b83bc/crimes-detected-in-england-and-wales,climate_environment,1685918010089103678,132848651264.0
https://data.gov.uk/dataset/1501563f-2ac6-47e9-b007-79ad0dfb2f66/prison-population-projections,education,1685918025077425800,14988322304.0
https://data.gov.uk/dataset/2bbf3fe5-b89b-45f9-91f6-82f37cef27e0/statistics-on-women-and-the-criminal-justice-system,education,1685918066348186779,41270760960.0
https://data.gov.uk/dataset/0e38d510-883c-40f0-8311-2d31b095be9c/criminal-justice-system-performance-information,education,1685918076084184691,9735997696.0
https://data.gov.uk/dataset/2b919558-648e-4ece-80f4-c3b2096d2519/race-in-the-criminal-justice-system-racially-or-religiously-aggravated-offences,education,1685918109180568366,33096383744.0
https://data.gov.uk/dataset/0e26ee1b-26b7-406e-a3b1-f3481b324977/local-police-recorded-crime-data,education,1685918126562005744,17381437440.0
https://data.gov.uk/dataset/213874b7-3e19-44a0-8424-079fd0f62a66/perceptions-of-crime-engagement-with-the-police-authorities-dealing-with-anti-social-behaviour-and-community-payback-from-the-2010-11-british-crime-survey-supplementary-volume-1-to-crime-in-england-and-wales-2010-11,education,1685918182036486498,55474480640.0
https://data.gov.uk/dataset/9e5956b2-5b62-4841-8b85-512058c5726f/ni-048-children-killed-or-seriously-injured-in-road-traffic-accidents,education,1685918269244182418,87207696128.0
https://data.gov.uk/dataset/a66bda99-465d-4a5c-a93d-4b0b30d55100/ni-047-people-killed-or-seriously-injured-in-road-traffic-accidents,education,1685918315095775892,45851593472.0
https://data.gov.uk/dataset/451a64c5-0505-499b-b98d-4961b3ea8759/data-on-used-car-residual-values,education,1685918389456328409,74360552448.0
https://data.gov.uk/dataset/32b4443a-d5cf-4b82-9f3c-8dcb889b98f2/drug-licensing-database-import-export,Agriculture,1685918570423934351,180967606016.0
https://data.gov.uk/dataset/830c4558-6df7-4c83-a7a6-796390b9516f/request-for-information-requisition-data,education,1685918604973339745,34549405184.0
https://data.gov.uk/dataset/30b21cd6-310b-4211-9b7b-df32db7825cf/number-of-mortgages-to-first-time-buyers-in-england-annual-rolling-total,finance,1685918648368288344,43394948608.0
https://data.gov.uk/dataset/3170ed6b-c4f3-424e-be21-3ee9d5e93e1d/survey-data-set-on-sme-employers-use-of-and-barriers-to-business-support,education,1685918767383637711,119015349504.0
https://data.gov.uk/dataset/27dd8d7f-c58b-4de3-bf0d-810584651f05/uk-s-carbon-footprint-1990-to-2009,climate_environment,1685918966267222852,198883585024.0
https://data.gov.uk/dataset/26896162-07e3-4fed-82a0-0ea68320edbc/environmental-protection-expenditure-by-industry,education,1685918988646517721,22379294976.0
https://data.gov.uk/dataset/2e5da41d-9e08-4f07-9a0d-bf9c18d4395c/prison-population-statistics,education,1685948193754560607,29205108042752.0
https://data.gov.uk/dataset/2cd76f4f-c136-4633-a421-612afff480bc/immigration-statistics-historical-data-removals-and-voluntary-departures,education,1685948547248068518,353493508096.0
https://data.gov.uk/dataset/9ff53c66-a3ca-4f2f-b73c-2732a4feff74/housing-in-england,education,1685948665673346581,118425277952.0
https://data.gov.uk/dataset/a083ffd8-c5f2-4103-91ea-343cdbd3b1ac/rural-development-programme-for-england-rdpe-delivery-north-east-lancaster-house-newcastle,education,1685948702243890714,36570544128.0
https://data.gov.uk/dataset/a8156d21-73f8-4ce3-9e2b-e56e7f567214/county-rural-urban-classification,education,1685948713596917568,11353026816.0
https://data.gov.uk/dataset/ad16ea7d-28a3-40ab-82a6-511fe5261c08/hssa-housing-strategy-statistical-appendix-2005-06,education,1685948779730366813,66133449216.0
https://data.gov.uk/dataset/b5c68ef1-996b-4c2e-b266-17e74af51e5f/housing-stock-england,education,1685948828882271377,49151904768.0
https://data.gov.uk/dataset/ae15b0a7-1d94-47f4-9a45-d51c7acdb8fc/fco-energy-consumption,technology,1685948844886860493,16004589056.0
https://data.gov.uk/dataset/fa5d7fd9-53f1-49c7-aa84-cd3ae2fe1341/spend-over-25-000-in-office-of-rail-regulation,transport,1685949001534252739,156647392256.0
https://data.gov.uk/dataset/f5db4fb1-cfc8-457a-a6fd-73beff969ccd/gpc-spend-over-500-in-food-standards-agency,technology,1685949035752347773,34218094848.0
https://catalog.data.gov/dataset/water-quality-data-0de37,education,1685949463211808040,427459460352.0
https://catalog.data.gov/dataset/covid-19-case-surveillance-public-use-data,education,1685949505391274954,42179467008.0
https://catalog.data.gov/dataset/nchs-death-rates-and-life-expectancy-at-birth,health,1685949521809481667,16418206720.0
https://catalog.data.gov/dataset/recalls-data,transport,1685949564518817963,42709336320.0
https://catalog.data.gov/dataset/traffic-violations,transport,1685949577991375394,13472557312.0
https://catalog.data.gov/dataset/street-names,education,1685949604562991666,26571616256.0
https://data.gov.uk/dataset/60ca9e30-2f23-4fe1-805f-b50f50201bf0/manorbier-firing-programme,technology,1685949743183734331,138620742656.0
https://data.gov.uk/dataset/62ac06cc-e565-45d1-b491-51d5a2e5cca5/straightpoint-and-wcta-grenade-range-firing-programme,technology,1685949804961145729,61777411584.0
https://data.gov.uk/dataset/36a9bb03-3e93-4c85-84d6-eb2c930dc37e/data-losses,education,1685950052067311330,247106165504.0
https://data.gov.uk/dataset/7eb9359b-470f-4248-9421-ca2c106e61ea/survey-data,education,1685950360731862068,308664550656.0
https://data.gov.uk/dataset/05215612-8e13-4af7-b029-8d64b2a65df3/visitor-survey-data,education,1685950391587556319,30855694336.0
https://data.gov.uk/dataset/306f5579-a3a8-4e4f-9d19-f062b4f319bb/wolverhampton-polling-districts-2016,education,1685950418409703339,26822147072.0
https://data.gov.uk/dataset/9ca490a4-0899-42d2-af47-8d5fd16f3952/bracknell-forest-secondary-school-designated-areas,technology,1685950533364158912,114954455552.0
https://data.gov.uk/dataset/c5f3efa3-f0b2-48bb-b023-6f42c194eaba/child-health-profiles,transport,1685950705562631174,172198472192.0
https://data.gov.uk/dataset/b35e0147-fd76-4827-a622-2d18f4afb424/accident-emergency-care-statistics,education,1685950826269657271,120707026176.0
https://data.gov.uk/dataset/b3d962fa-243c-4553-b81b-63fa6216d281/hpi-access-to-secondary-care,climate_environment,1685950848693607744,22423950336.0
https://data.gov.uk/dataset/a903874f-4796-41fd-8fed-6420dbf0061c/public-health-outcomes-framework,transport,1685950931758619988,83065012224.0
https://data.gov.uk/dataset/163c7366-0988-44f8-9803-6d3124311716/civil-justice-statistics,education,1685951089738957265,157980337408.0
https://data.gov.uk/dataset/10dcca77-a89c-4bb8-bfae-993db5768e33/women-and-the-criminal-justice-system,education,1685951124755738773,35016781568.0
https://data.gov.uk/dataset/13097b41-6c90-4432-9951-da143e9ecf81/criminal-justice-system-statistics-quarterly,education,1685951206031229025,81275490048.0
https://data.gov.uk/dataset/33aed27e-2595-4618-b6bc-7467dd2d45eb/prison-estate-register,health,1685951227388912229,21357683200.0
https://data.gov.uk/dataset/0a6d949e-41e0-418c-99b3-6c7c27f4fd2d/recorded-crime-data-at-local-authority-level,Agriculture,1685951355655649999,128266737920.0
https://data.gov.uk/dataset/ac7cde18-9998-4b74-82e7-e48159612a36/hm-treasury-flight-data-2011,transport,1685951475970884820,120315234816.0
https://data.gov.uk/dataset/b6b63ea3-c7be-4f60-81f5-3c8f5236f5f7/travel-data-transparency-agenda-and-foi-request,education,1685951704490426706,228519541760.0
https://data.gov.uk/dataset/b539cfc7-358b-42c4-a9d7-8f9c20b309c6/life-science-sector-data,education,1685951874454633209,169964206592.0
https://data.gov.uk/dataset/116cd08b-bc34-4b72-a9f2-269c80ab89b2/government-major-projects-data-for-the-foreign-and-commonwealth-office,education,1685951937659704167,63205070848.0
https://data.gov.uk/dataset/069f7fe1-4b6a-4afb-b84e-e694ebc8055b/research-development-spatial-data-tool,education,1685952023786279743,86126575616.0
https://data.gov.uk/dataset/13706661-37ab-4eb4-9376-458deb4c1318/drinking-water-quality-northern-ireland,health,1685952215951261516,192164981760.0
https://data.gov.uk/dataset/0bc550c2-21c7-45c9-bf50-af37791527fd/bathing-water-quality,education,1685952256902188941,40950927616.0
https://data.gov.uk/dataset/13dbf974-6646-4eef-878d-c1ba2039ead5/noise-exposure-data-england,health,1685952415324842654,158422653696.0
https://data.gov.uk/dataset/227b54c7-c8bc-427d-99d3-072ebcb6e355/teachers-pension-scheme-tps-payments-in-the-department-for-education,education,1685952518054819759,102729977088.0
https://data.gov.uk/dataset/2df9f364-553f-4ede-becc-ae2e33c1a2bf/complaints-data-about-dwp,education,1685952922608996106,404554176256.0
https://data.gov.uk/dataset/2e4aebbd-9385-4b30-be32-224a0caee315/new-general-needs-prp-lettings-2012-2013-england-district-by-number-of-bedrooms,education,1685952967694897672,45085901568.0
https://data.gov.uk/dataset/d06f3d77-ae0a-4a10-a9e4-0a6339e7ccba/energy-saving-advice-service,technology,1685953205509046805,237814149120.0
https://data.gov.uk/dataset/bfb65f7c-47eb-482e-ae2f-65457405840b/govt-construction-strategy-strategic-supplier-data,education,1685953296520020056,91010973184.0
https://data.gov.uk/dataset/cb00827c-4b32-46ac-8bf2-7b4e0e66bc44/decc-live-data-on-electricity-and-gas-consumption,education,1685953342462835317,45942815232.0
https://data.gov.uk/dataset/c780702c-971c-4325-95f9-d8bd128902e9/government-construction-pipeline,health,1685953357748593126,15285757952.0
https://data.gov.uk/dataset/d2bd67db-869e-40bd-930b-51651e9eb819/rural-development-programme-for-england-rdpe-delivery-team-geodata,education,1685953415468208608,57719615488.0
https://data.gov.uk/dataset/d7702b0b-4eb6-412b-9749-5da96e0c4aeb/affordable-housing-supply-england,education,1685953427928377432,12460168704.0
https://data.gov.uk/dataset/4c40db15-8077-478b-b9aa-a345c4297347/electronic-purchasing-card-solution-use-hm-revenue-customs,transport,1685953557160419593,129232042240.0
https://data.gov.uk/dataset/298124d8-37eb-451b-aeec-35f67a6d3dfb/international-travel-data-for-dwp-scs-2-and-above-staff-qtr-2-2013-14,education,1685953828780217578,271619798016.0
https://data.gov.uk/dataset/853d73fc-990a-4b25-95de-d580e3270d01/nio-transparency-data-on-spending-over-25-000-february-2022-nihrc-data,education,1685953844963436335,16183218688.0
https://data.gov.uk/dataset/31bdd8a9-1241-4b70-a288-e8b9663d3a64/nhs-local-spending-data-nhs-trusts,education,1685953992529326524,147565890304.0
https://data.gov.uk/dataset/34f49bd5-dded-46a1-8e26-f957c6d155e2/fco-exceptions-to-spending-control-data,education,1685954029949316547,37419990016.0
https://data.gov.uk/dataset/2b30c53a-f311-4619-9a72-6de0d8d5a278/rural-development-programme-for-england-rdpe-delivery-grants-south-west,education,1685954083937698615,53988381952.0
https://catalog.data.gov/dataset/dohmh-dog-bite-data,education,1685954304846140856,220908442368.0
https://catalog.data.gov/dataset/u-s-general-soil-map-statsgo2,Agriculture,1685954332040007623,27193866752.0
https://catalog.data.gov/dataset/demographics-by-zip-code,education,1685954397912802706,65872795136.0
https://catalog.data.gov/dataset/housing-market-value-analysis-2021,education,1685954441478870458,43566067712.0
https://catalog.data.gov/dataset/supplemental-nutrition-assistance-program-snap-data-system,education,1685954481319163522,39840293120.0
https://catalog.data.gov/dataset/shuttle-radar-topography-mission-dted-level-1-3-arc-second-data-dted-1,education,1685954559425323284,78106159616.0
https://catalog.data.gov/dataset/commercial-and-residential-hourly-load-profiles-for-all-tmy3-locations-in-the-united-state-bbc75,education,1685954659406655737,99981332480.0
https://data.gov.uk/dataset/853ad25a-2728-4f95-a83a-aae93f56c6ad/lulworth-firing-programme,technology,1685954773324587794,113917932032.0
https://data.gov.uk/dataset/08153b84-ec6a-4311-8332-a7fd939e7b89/defence-inflation-estimates,finance,1685954790052259237,16727671552.0
https://data.gov.uk/dataset/6f4abd48-913c-4854-814f-39562c21564c/iraq-polling-data,education,1685954807858310969,17806051584.0
https://data.gov.uk/dataset/fbe30ea7-8d04-456c-a960-90bf84194f40/armed-forces-list-2013,education,1685954865874225919,58015915008.0
https://data.gov.uk/dataset/76916db6-c8ca-4716-85e2-53b743e20c44/quad-service-manpower-data,education,1685954894626826229,28752600320.0
https://data.gov.uk/dataset/1f534935-a7c0-46f3-be83-1c4a65b6e75a/hmrc-people-survey-results,Agriculture,1685955192893372483,298266546176.0
https://data.gov.uk/dataset/6550f51c-95fe-416b-aa6f-0c46168fce66/child-tax-credit-and-working-tax-credit-statistics-provisional,education,1685955243087978764,50194606336.0
https://data.gov.uk/dataset/1aa417fa-3ebf-4485-8b0c-621c7bd79ad4/revenue-based-taxes-and-benefits-income-tax-statistics-and-distributions,education,1685955318672606940,75584628224.0
https://data.gov.uk/dataset/b2f3148e-99f0-42e0-92c4-d7ecd3f881a7/bracknell-forest-salting-routes,technology,1685955565169517811,246496910848.0
https://data.gov.uk/dataset/c2b7bfff-b1cf-4c36-8880-017d95429d88/bracknell-forest-tree-preservation-orders-map,climate_environment,1685955697216915239,132047397376.0
https://data.gov.uk/dataset/d00716e2-7b7d-4d7a-bb6e-27187ac18fe3/bracknell-forest-green-belt,technology,1685955734177736839,36960821760.0
https://data.gov.uk/dataset/9bdff134-7919-49b7-aa42-aa66ab08a4ef/bracknell-forest-winter-maintenance-map,technology,1685955762538132821,28360395776.0
https://data.gov.uk/dataset/e4d5fd8f-b4d0-49cd-8518-a232254a132c/bracknell-forest-conservation-areas,technology,1685955792091127505,29552994816.0
https://data.gov.uk/dataset/d54964fd-737a-4b0c-8fec-9e49a38ceb91/health-conservation-data,education,1685955908324350245,116233222656.0
https://data.gov.uk/dataset/4056c2dc-fd88-4e22-8bd1-a00ad3ed02e1/crimes-detected-in-england-and-wales,climate_environment,1685956169604766495,261280416256.0
https://data.gov.uk/dataset/a3ef606c-e9ee-4a8f-99a7-45034a4b510d/nature-of-burglary-vehicle-related-theft-bicycle-theft-other-household-theft-personal-and-other-theft-vandalism-and-violent-crime-supplementary-tables-to-crime-in-england-wales-2008-09,health,1685956202382400242,32777633792.0
https://data.gov.uk/dataset/a6970ffd-f5fa-4efe-8053-beaa4f261544/metal-theft-england-and-wales,health,1685956219052700949,16670300672.0
https://data.gov.uk/dataset/3861d88b-600f-4d1d-a213-506df8bef3dd/hate-crime-cyber-security-and-the-experience-of-crime-among-children-findings-from-the-2010-11-british-crime-survey-supplementary-volume-3-to-crime-in-england-and-wales-2010-11,education,1685956328337202605,109284501760.0
https://data.gov.uk/dataset/3ace8032-6efe-41ca-9279-c1fb082c2478/police-recorded-crime-transferred-or-cancelled-records,education,1685956386068192525,57730989824.0
https://data.gov.uk/dataset/39ebc3da-4b57-4e03-bd91-4e34c4aa74b2/proposed-changes-to-recorded-crime-classifications-and-presentation-of-recorded-crime-statistics,education,1685956411063677954,24995485440.0
https://data.gov.uk/dataset/c9e12cc0-c091-4d17-a718-2b65fa475c6d/port-traffic-data,education,1685956658862069430,247798391552.0
https://data.gov.uk/dataset/cc23508d-21ce-4e95-848a-6c1573d1cc2f/itis-journey-time-data,education,1685956841061754937,182199685376.0
https://data.gov.uk/dataset/28d823ff-310b-4620-8ba2-58dbd1d0c7c5/renewable-heat-incentive-rhi-and-renewable-heat-premium-payments-rhpp-monthly-deployment-data,health,1685957066359943269,225298188288.0
https://data.gov.uk/dataset/024e7bec-d20a-4464-84d7-44e3a70a5c9f/rural-development-programme-for-england-rdpe-central-programme-team-contacts-database,education,1685957434724126385,368364183296.0
https://data.gov.uk/dataset/f7e26b65-621b-4bc5-b4ac-07ca41b2bfca/gift-aid-economic-research-data,education,1685957760383401982,325659275520.0
https://data.gov.uk/dataset/287c1b5b-f98e-4b86-a49b-efc1f84ba141/foreign-and-commonwealth-office-fco-consular-management-information-data,education,1685957895553708548,135170306560.0
https://data.gov.uk/dataset/054223ab-c7d4-405b-8156-f3f5999cff89/high-net-worth-unit-hnwu-population-refinement-data,education,1685958162751249913,267197541376.0
https://data.gov.uk/dataset/20af6327-57d6-4f08-bbe9-3994e252c04f/trading-standards-national-performance-framework-data-results-2007-08,education,1685958248843326531,86092076544.0
https://data.gov.uk/dataset/7b4778a5-7c0f-4437-82d9-43af083386a7/covid-19-loan-guarantee-schemes-repayment-data,education,1686127405247089886,169156403763456.0
https://data.gov.uk/dataset/967d905d-fe40-40a2-8756-2e36abd29874/otterburn-firing-programme,technology,1686128967596249861,1562349159936.0
https://data.gov.uk/dataset/ea9877ba-fdbe-425f-98bc-9e18b62d1b0e/ni-050-emotional-health-of-children,climate_environment,1686129171848583514,204252333568.0
https://data.gov.uk/dataset/c543ff71-024d-4407-a4dc-13dcc0bba049/median-loan-to-value-ratio-for-first-time-buyers,finance,1686130062627894250,890779310848.0
https://data.gov.uk/dataset/d8b1018b-1bf1-46fc-95a4-9a51ba751495/national-learner-satisfaction-survey-2009,Agriculture,1686130136202636023,73574741760.0
https://data.gov.uk/dataset/4b685591-e7c8-4a62-b2e0-f82802a1ff0f/commercial-and-industrial-waste-arisings,climate_environment,1686130404900734486,268698098432.0
https://data.gov.uk/dataset/a07aa918-4572-46fc-ba93-a9304a64dedb/race-in-the-criminal-justice-system-racist-incidents,education,1686130746309594144,341408859648.0
https://data.gov.uk/dataset/b3960d06-7710-4434-941c-7caa8ff31ff3/acquisitive-crime-and-plastic-card-fraud-findings-from-the-2008-09-british-crime-survey-supplementary-volume-3-to-crime-in-england-and-wales-2008-09,education,1686130785058402756,38748808704.0
https://data.gov.uk/dataset/b054da95-eea6-4184-9d3d-cdbc480ea8e4/british-crime-survey-datasets,education,1686130861299824091,76241421312.0
https://data.gov.uk/dataset/bfa60e6d-0fb9-4512-843b-3564b7ed6b33/statistics-of-mentally-disordered-offenders-england-and-wales,climate_environment,1686130951448704770,90148880640.0
https://data.gov.uk/dataset/15a7efeb-55bc-4754-94db-a6b681fcd8b6/castlemartin-firing-programme,technology,1686130989830037806,38381332992.0
https://data.gov.uk/dataset/300fd6af-c969-4b24-be34-4db87ca48a7b/futures-veterans-agency-generate-a-doc,education,1686131009458588478,19628550656.0
https://data.gov.uk/dataset/1c34b41b-0f84-47e8-8d5e-faf220cb732b/holcombe-moor-firing-programme,technology,1686131027839205134,18380616704.0
https://data.gov.uk/dataset/8a0144c0-f4ed-42b3-9dc8-67bd4acf98ff/armed-forces-and-ex-service-personnel,transport,1686131100605762419,72766557184.0
https://data.gov.uk/dataset/e0c9892d-8d74-4d43-9c08-d6a25c157206/local-health-profiles,transport,1686131691361070678,590755308288.0
https://data.gov.uk/dataset/dfb05691-a16a-4e62-94c1-62cd1fdb6f17/hpi-effective-primary-secondary-care,climate_environment,1686131785538695798,94177625088.0
https://data.gov.uk/dataset/9a2d8f5f-36d3-4c55-9015-f47597b0127d/ni-119-self-reported-measure-of-peoples-overall-health-and-wellbeing,transport,1686131840731130214,55192434432.0
https://data.gov.uk/dataset/9c4d800e-f987-4115-a44d-29c53917b48f/employment-by-ethnicity,finance,1686132083800455556,243069325568.0
https://data.gov.uk/dataset/03366a99-ec06-4dfd-8371-2da752d14d2d/low-carbon-building-programme-phase-1-other-streams-data-run-by-buildings-research-establishment,education,1686132237566706101,153766250496.0
https://data.gov.uk/dataset/020403de-af6a-49a2-ae06-3b3a7eff4b97/record-level-energy-performance-certificate-data,education,1686132257413157615,19846451456.0
https://data.gov.uk/dataset/882186e7-97b0-4ad0-b253-e28607252f42/uk-statistics-on-waste,health,1686132449246267869,191833110272.0
https://data.gov.uk/dataset/7941d2ab-171b-4333-ae3a-d30c006235ed/internal-drainage-board-expenditure-and-administrative-data,education,1686132522857010266,73610742272.0
https://catalog.data.gov/dataset/veterans-equitable-resource-allocation-vera,education,1686132696752296220,173895286016.0
https://catalog.data.gov/dataset/fire-department-calls-for-service,education,1686132768923209878,72170913792.0
https://catalog.data.gov/dataset/international-macroeconomic-data-set,education,1686132792844843143,23921633280.0
https://catalog.data.gov/dataset/motor-vehicle-collisions-vehicles,transport,1686132819181886348,26337043200.0
https://catalog.data.gov/dataset/drug-use-data-from-selected-hospitals-26ee4,education,1686132876769064320,57587177984.0
https://catalog.data.gov/dataset/traffic-crashes-crashes,education,1686132992353743558,115584679168.0
https://data.gov.uk/dataset/6d120318-bdd2-4a3c-aa46-6c75964eddac/data-losses,education,1686133155684401403,163330657792.0
https://data.gov.uk/dataset/372ba9ea-2c38-46bb-9962-ef144ebde95b/customs-2013-eu-initiative-data,education,1686133407541810011,251857408512.0
https://data.gov.uk/dataset/a40611d9-338d-4ba8-b1c4-e846c7cc46b8/gift-aid-economic-research-data,education,1686133426505743533,18963933696.0
https://data.gov.uk/dataset/40a0b8b8-17ac-4b3c-a97c-7c3cc0dff922/misuse-of-data,education,1686133592391720796,165885977088.0
https://data.gov.uk/dataset/56cdc600-3b77-4adb-ade8-4b006d0aa446/local-authority-housing-statistics-housing-strategy-statistical-appendix-hssa-and-business-plan-statistical-appendix-bpsa,education,1686134965964812724,1373573092096.0
https://data.gov.uk/dataset/e39acbbc-4506-479f-bca6-65b6cec9f81d/english-housing-survey-energy-efficiency-of-english-housing-report,education,1686135038540258014,72575445248.0
https://data.gov.uk/dataset/e1a82f96-20f7-4257-a560-7664bd762307/net-supply-of-housing-for-england-and-the-regions,education,1686135085727164615,47186906624.0
https://data.gov.uk/dataset/e9e8e348-9dff-45f6-a899-b0aa1d9af616/housing-stock,education,1686135110780113843,25052949248.0
https://data.gov.uk/dataset/51826155-39f2-449f-b572-dd0cd62bce01/rural-development-programme-for-england-rdpe-delivery-north-east-lancaster-house-newcastle,education,1686135162882390773,52102276864.0
https://data.gov.uk/dataset/4ab986d5-a097-435d-9ab1-91d5d7a6f3a0/housing-supply-net-additions-census-adjustment,education,1686135215571336252,52688945408.0
https://data.gov.uk/dataset/51c976dc-e86a-409f-8a20-464f971f080e/english-housing-survey,education,1686135265061496447,49490160128.0
https://data.gov.uk/dataset/53e4bbad-707a-4726-85c7-9b816eba1fda/impact-indicator-affordable-housing-starts,education,1686135606077887045,341016390656.0
https://data.gov.uk/dataset/2372be96-1904-4031-b525-5b0a271148e5/rural-development-programme-for-england-rdpe-delivery-grants-east-midlands,education,1686135913785202508,307707315456.0
https://data.gov.uk/dataset/0b293a04-2ed5-4c68-a1df-46c7a347e0cb/public-expenditure-statistical-analyses,education,1686136283969887264,370184684800.0
https://data.gov.uk/dataset/05df0005-8c0e-4c48-9fa7-5e8c33aa8f1a/rural-development-programme-for-england-rdpe-delivery-grants-east-midlands,education,1686136325803508051,41833620736.0
https://data.gov.uk/dataset/0ddce98e-7f49-4414-98a0-e27da8de73c0/joint-nature-conservation-committee-jncc-government-procurement-card-spend-transactions-over-500,climate_environment,1686136370888520961,45085012992.0
https://data.gov.uk/dataset/102c570f-bff1-42c1-805c-1a3c72253d58/vts-spend-over-500,technology,1686136608130894968,237242373888.0
https://data.gov.uk/dataset/449450b0-25df-4844-8dca-91bf50043764/ni-058-emotional-and-behavioural-health-of-looked-after-children,climate_environment,1686136778993802809,170862907904.0
https://data.gov.uk/dataset/a39193d2-d568-4a02-a6de-84c7b5c6f52c/teachers-in-maintained-schools-full-time,transport,1686136824728391478,45734588672.0
https://data.gov.uk/dataset/9f95f5b0-ec44-4c3a-af01-1aee4b582edf/vacancy-rates-in-maintained-schools,transport,1686137020441091042,195712699648.0
https://data.gov.uk/dataset/cf9581f7-a5fa-4218-a631-d800cf0da27d/hate-crimes-england-and-wales,climate_environment,1686138342225959647,1321784868608.0
https://data.gov.uk/dataset/179821eb-0248-4172-85f1-8d9621dfc319/wolverhampton-constituencies,education,1686138456857292224,114631332608.0
https://data.gov.uk/dataset/17e6eb70-d368-4b1f-9fee-c8b9cf073109/st-albans-city-and-district-council-section-106-agreements,health,1686138606318507429,149461215232.0
https://data.gov.uk/dataset/2182305e-9492-4e59-92cf-f90b418939b2/sunderland-wards-1991,education,1686138663935927440,57617420032.0
https://data.gov.uk/dataset/2af5b530-af1a-49a8-afef-7263d0f61bb9/social-housing-lettings-and-sales-in-england,education,1686140807142463410,2143206535936.0
https://data.gov.uk/dataset/2bc4c84d-fa52-44b5-8577-2d37a0c690d7/individual-electoral-registration-confirmation-dry-run-data,education,1686141111654567677,304512104192.0
https://data.gov.uk/dataset/17634455-f58b-4120-9a23-2eed77804315/veterans-lapel-badge-database,education,1686144463311071890,3351656504320.0
https://data.gov.uk/dataset/e6bdea90-f0b1-42ec-9e38-080fec993c9f/uk-innovation-survey-2009-science-and-innovation-analysis,climate_environment,1686145638695909489,1175384837376.0
https://data.gov.uk/dataset/db7bc170-d478-4977-bb20-1ee42933b2fa/number-of-mortgages-to-first-time-buyers-in-england,finance,1686145686274270319,47578360832.0
https://data.gov.uk/dataset/e4d29a3f-0dd9-47df-9935-cd6723a43c32/great-western-data-site,education,1686145766565580974,80291310848.0
https://data.gov.uk/dataset/5cb6a4d8-f7b1-4288-b83e-12046dc2dd65/employment-agency-standards-inspectorate-annual-report-2010-2011-case-and-infringement-data,education,1686146021028039009,254462457856.0
https://data.gov.uk/dataset/cbe9ff83-a459-444f-bc92-39dc70bbdec1/criminal-justice-statistics,education,1686147560701421190,1539673382400.0
https://data.gov.uk/dataset/c15b7ccd-b96c-4ba5-a489-8d4d30275b76/metal-theft-in-england-and-wales,climate_environment,1686147640356887475,79655466240.0
https://data.gov.uk/dataset/ab8fd6cd-dd13-4258-992e-61fa54321074/sentencing-statistics-england-and-wales,climate_environment,1686147701758550642,61401662976.0
https://data.gov.uk/dataset/afff96a3-428f-42e9-aa8e-cb265eeb9f0d/firearm-certificates-in-england-and-wales,climate_environment,1686147734360978540,32602427904.0
https://data.gov.uk/dataset/aebe8e9b-c0a6-464c-add2-abc7cee13296/an-overview-of-hate-crime-in-england-and-wales,climate_environment,1686147760797713508,26436734976.0
https://data.gov.uk/dataset/bb2c3b16-6719-4e00-ae75-48dd462cb915/street-level-crime-police-uk-data,education,1686147863303824579,102506111232.0
https://data.gov.uk/dataset/da4b106c-c984-435f-b92b-42dc875736d9/hate-crimes-england-and-wales,climate_environment,1686148606285737969,742981913344.0
https://data.gov.uk/dataset/010ce9e0-fdbc-4f58-aef0-e5e087bb7ec3/parliamentary-business-database-archive-veterans-services,education,1686148632526832115,26241094144.0
https://data.gov.uk/dataset/3df788c4-5519-4287-a9ec-4b3a0e9a681c/tree-preservation-orders,climate_environment,1686148689499132784,56972300544.0
https://data.gov.uk/dataset/7376345e-9684-4c98-9b79-12053d623349/veterans-world-distribution-database,education,1686148711022751634,21523619072.0
https://data.gov.uk/dataset/5004139e-d434-4d4a-875a-0533f20eec6b/english-housing-survey-profile-of-english-housing-report,education,1686148775593403011,64570651392.0
https://data.gov.uk/dataset/4e3c616a-3c9c-4e60-a9bb-21b472be666d/ambulance-quality-indicators-system-indicators,climate_environment,1686148862049380625,86455977472.0
https://data.gov.uk/dataset/304f8677-15b9-4bd0-b5fe-ab5f9b5f6f32/wolverhampton-polling-stations,education,1686148897168280753,35118900224.0
https://data.gov.uk/dataset/a5b0ed13-c960-49ce-b1f6-3a6bbe0db1b7/renewable-energy-planning-database-repd,education,1686148956747691590,59579410688.0
https://data.gov.uk/dataset/05c0caa8-d286-422e-9657-564b4a78b0e1/public-expenditure-statistical-analysis-departmental-budgets,education,1686148979015950686,22268259072.0
https://data.gov.uk/dataset/1b7f7221-9102-42c3-acb9-038d42ea19f4/performance-data-on-government-ict-projects-31-july-2010,education,1686149371446033045,392430082560.0
https://data.gov.uk/dataset/3a62ce3c-2b3b-4b61-b766-6f58a8c7ff14/lichfield-district-council-village-boundaries,technology,1686149733436968155,361990935040.0
https://data.gov.uk/dataset/5008273f-c58d-4cb7-a9db-e2e0a3b1fc05/affordable-housing-survey-a-review-of-the-quality-of-affordable-housing-in-england,education,1686149825448842165,92011874048.0
https://data.gov.uk/dataset/67aff4d3-3488-440b-ba44-5c8623fd4ee9/energy-performance-certificate-data-historic-scotland,education,1686149886184726093,60735883776.0
https://data.gov.uk/dataset/79e3a557-440d-4a03-b4a5-33de89b8c2dc/local-authority-housing-statistics-housing-strategy-statistical-appendix-hssa-and-business-plan-statistical-appendix-bpsa,education,1686149901051352069,14866626048.0
https://data.gov.uk/dataset/642aaeba-1d75-4f0a-9d79-c325cc47f188/neighbourhood-planning-areas-in-england,technology,1686150047102356839,146051004672.0
https://data.gov.uk/dataset/377874b1-9a7e-4199-8af3-100d2ddf2203/soil-nutrient-balances-uk,health,1686150355305723940,308203367168.0
https://data.gov.uk/dataset/3f952707-b04e-4a32-a807-a53b6fa0ee58/average-temperature-and-total-rainfall-in-england-and-wales,climate_environment,1686150373709253764,18403529984.0
https://data.gov.uk/dataset/bb97826d-7310-4dd3-b416-3176156fd472/water-use-by-industry-in-england-and-wales-2006-07,climate_environment,1686150403303490516,29594236672.0
https://data.gov.uk/dataset/3baf27dc-bd98-441e-a936-d1b310315fb9/department-for-environment-food-and-rural-affairs-defra-security-incident-log,climate_environment,1686150459337546481,56034055936.0
https://data.gov.uk/dataset/3b315af7-845d-4ddb-b4ea-57ca9fcb8665/drinking-water-quality-united-kingdom-1995-to-2010,health,1686150508783707091,49446160640.0
https://data.gov.uk/dataset/52bfad90-e1ad-4444-ad14-3c4dc206cba0/effectiveness-of-child-and-adolescent-mental-health-camhs-services,health,1686150648156353783,139372646656.0
https://data.gov.uk/dataset/5ae028fe-74fe-49b6-8242-98cfd816c2ab/ni-058-emotional-and-behavioural-health-of-looked-after-children,climate_environment,1686150689944302741,41787949056.0
https://data.gov.uk/dataset/51f50a52-b08f-4baf-9b8f-20eaafa600a1/hpi-health-capital,transport,1686150729307914275,39363611392.0
https://data.gov.uk/dataset/d3c98c3e-e615-41b6-9426-96cb12e9643c/monthly-static-data-system-data,education,1686150777128073499,47820159232.0
https://catalog.data.gov/dataset/real-estate-across-the-united-states-rexus-inventory-building,transport,1686151172320111014,395192037632.0
https://data.gov.uk/dataset/801e11ac-3f68-4a83-8f73-ea3b2239a610/rsa-nam-toc-data-used-in-economic-modelling,education,1686151230569320824,58249209600.0
https://data.gov.uk/dataset/a53c1f04-0c90-4639-b6ce-e4242dd9ff47/ni-086-secondary-schools-judged-as-having-good-or-outstanding-standards-of-behaviour,transport,1686151351604102404,121034781696.0
https://data.gov.uk/dataset/9e0a13ef-64c4-4541-a97a-f87cc4032210/national-pupil-database,education,1686151620987349797,269383247360.0
https://data.gov.uk/dataset/49016034-c80b-4b9a-b9a5-0d10858df59f/health-profile-of-england,transport,1686151705232647622,84245297920.0
https://data.gov.uk/dataset/56cd195a-9348-4157-a693-a9433b07b2a6/driving-and-riding-tests-extra-data,education,1686151777568329126,72335681536.0
https://catalog.data.gov/dataset/usdhs-fema-100-year-flood-zones,finance,1686151943232552643,165664223488.0
https://data.gov.uk/dataset/21c4b3c6-4739-45a5-8a9f-7d33b2d237d9/personal-social-services-staff-of-social-services-departments-england-at-30-september-2010,transport,1686152252862830117,309630277376.0
https://data.gov.uk/dataset/58b8fb3a-c097-4fdf-b100-8a270df36caa/drug-use-in-ireland-and-northern-ireland-drug-prevalence-survey-hssb-results,health,1686152707768686343,454905856256.0
https://data.gov.uk/dataset/52e1e2ab-5687-489b-a4d8-b207cd5d6767/roadside-survey-of-vehicle-observations,Agriculture,1686152733377841189,25609154816.0
https://data.gov.uk/dataset/9a7b60e1-abd9-41f8-af92-5a44eded5ff6/2008-09-lennon-sales-data-download,education,1686152767814681038,34436839936.0
https://data.gov.uk/dataset/5cd59a7a-fae2-4dfc-ac38-0e6d9aad3472/drug-use-in-ireland-and-northern-ireland-drug-prevalence-survey-cannabis-results,health,1686152957188623247,189373942272.0
https://catalog.data.gov/dataset/supply-chain-shipment-pricing-data-07d29,education,1686153169287360746,212098737408.0
https://data.gov.uk/dataset/67c045bc-3042-439b-9eda-066f663d4bc1/chart-of-accounts-standing-data-system,education,1686153700650953477,531363592704.0
https://data.gov.uk/dataset/f50813c7-e9be-4adb-9a26-48940cd233f2/mod-exceptions-to-spending-controls-for-january-to-december-2020,education,1686153966897976153,266247022592.0
https://catalog.data.gov/dataset/next-generation-simulation-ngsim-vehicle-trajectories-and-supporting-data,education,1686155096210988460,1129313012480.0
https://data.gov.uk/dataset/b36e27b6-8576-4ed3-ace6-8f0d01883508/ni-050-emotional-health-of-children,climate_environment,1686155426836851321,330625862656.0
https://data.gov.uk/dataset/b4e08b41-442f-46da-8270-ed57a834eb45/pupil-attainment-reaching-level-2-and-3-by-age-19,Agriculture,1686155603870453324,177033602048.0
https://data.gov.uk/dataset/cdfd329a-0115-469f-82be-f5263bf8a1b0/tafmis-data-extract,education,1686155889362783913,285492330752.0
https://data.gov.uk/dataset/cecc8b73-6ab3-4258-84cf-faab677ce200/early-learning-project-elp-meter-read-data-8-datasets,education,1686156084568676877,195205892864.0
https://data.gov.uk/dataset/c3f5ea51-6af2-45c4-913a-df986c20ac5c/progress-in-international-reading-literacy-study,finance,1686156325433996194,240865319424.0
https://catalog.data.gov/dataset/center-for-medicare-medicaid-services-cms-medicare-claims-data,health,1686156778627459852,453193463552.0
https://data.gov.uk/dataset/e16ca2b0-fdfb-48f8-9294-7ed9e0d40ade/csl-portal-data,education,1686212800967968973,56022340509184.0
https://data.gov.uk/dataset/d1e1d76b-dc04-4ae7-8cb8-b7497cc91eb4/specialist-schools,transport,1686213437086528438,636118559488.0
https://data.gov.uk/dataset/d699dcb0-11ae-4826-9bb4-77faa2c3232e/the-trends-in-mathematics-and-science-study,education,1686213498513924955,61427396352.0
https://data.gov.uk/dataset/be579ed8-0fa8-491e-8748-dac6f813467d/lean-sourcing-training-data,education,1686214050489906405,551975981568.0
https://data.gov.uk/dataset/be66ac1e-aea6-4354-8afa-8bfb8459d4f3/neighbourhood-statistics-small-area-pupil-absence-attainment-by-pupil-characteristics,education,1686214118960973064,68471066624.0
https://data.gov.uk/dataset/b48f9394-a5e3-42d7-9ec8-f7bae71d9c3a/forestry-commission-event-and-facility-use-customer-list,Agriculture,1686215969061964474,1850100991488.0
https://data.gov.uk/dataset/f1cc1d41-84d2-4268-9e0b-92a2e896c738/mortgage-and-landlord-possession-statistics-england-and-wales,climate_environment,1686216613520907098,644458942464.0
https://data.gov.uk/dataset/f67b4216-e4e0-4649-ae7e-fa79277c1b11/private-registered-provider-social-housing-stock-in-england-statistical-data-return,education,1686216658603835709,45082928640.0
https://data.gov.uk/dataset/f8ef90a3-dd66-4d50-8b4e-9a3daf95cc6a/dcms-live-data-on-electricty-and-gas-consumption,education,1686216705467405442,46863569920.0
https://data.gov.uk/dataset/b8742ccc-d599-4c2a-82bb-ff643f8f47ca/life-expectancy,health,1686217047853661288,342386255616.0
https://data.gov.uk/dataset/b38addaa-2b3e-4258-820b-f316f78c413f/sunderland-regeneration-areas,education,1686217085355693335,37502032128.0
https://data.gov.uk/dataset/b19c22f3-af4d-477f-ac90-15427df37532/mendip-district-council-land-assets,technology,1686217243559391480,158203698176.0
https://data.gov.uk/dataset/b55e9d38-a517-4cec-834f-23d8a4e2f235/lichfield-district-council-freehold-land-and-property-ownerships,technology,1686217549410836040,305851444480.0
https://data.gov.uk/dataset/1824f4e5-0c54-4a76-85ce-121e3100c602/nhs-contraceptive-services,education,1686217833665180809,284254344960.0
https://data.gov.uk/dataset/6f9afbd6-cf4d-4645-99c4-7b2060067e1c/fire-statistics-smoke-alarms,technology,1686217922674687298,89009506304.0
https://data.gov.uk/dataset/71beaa0b-29b1-4e0f-9ce4-c56d6499934c/rimnet-basic-data,education,1686220149442657715,2226767970560.0
https://data.gov.uk/dataset/19c0444b-0ea9-420b-87ea-160162ed5ebb/central-health-and-safety-project,transport,1686220206533466884,57090809088.0
https://data.gov.uk/dataset/72b14430-158e-4dd5-998c-2d1bc5a70572/drug-use-in-ireland-and-northern-ireland-drug-prevalence-survey-first-results,health,1686220475629651014,269096184064.0
https://data.gov.uk/dataset/7b5548c5-9a91-4ca7-af59-c9a5487d77aa/drug-use-in-ireland-and-northern-ireland-drug-prevalence-survey-cocaine-results,health,1686220524179705538,48550054656.0
https://data.gov.uk/dataset/8f8e436d-816a-4c14-a4de-ad1e73774ec7/historical-crude-oil-and-petroleum-data-production-imports-and-exports,education,1686221287253903745,763074198272.0
https://data.gov.uk/dataset/93c3228c-0ad6-4e87-98c2-6a2b965d53b7/historical-electricity-data,education,1686221513470280045,226216376064.0
https://data.gov.uk/dataset/7f5f51b0-9e2e-49b3-947f-eccbf65d2db9/analysis-of-non-tariff-measures-in-the-uk-internal-market,finance,1686221985848941229,472378661376.0
https://catalog.data.gov/dataset/usgs-water-quality-data-for-the-nation-national-water-information-system-nwis,education,1686223281963965440,1296115024128.0
https://catalog.data.gov/dataset/zip-code-boundaries,education,1686223436150918173,154186952704.0
https://data.gov.uk/dataset/c147e497-55ef-4773-96f4-923c99e0cc33/parish_boundaries,health,1686236203872311505,12767721393408.0
https://catalog.data.gov/dataset/cyber-security-asset-management,transport,1686236276492084935,72619773440.0
https://data.gov.uk/dataset/fd2aa4fc-6a21-425d-a441-53a104353881/department-of-health-business-plan-quarterly-data-summary,education,1686236320393019547,43900934656.0
https://catalog.data.gov/dataset/clean-air-status-and-trends-network-castnet-download-data-module,transport,1686236504545048448,184152028928.0
https://catalog.data.gov/dataset/pregnancy-associated-mortality,education,1686236530288586720,25743538176.0
https://catalog.data.gov/dataset/lba-eco-lc-23-aster-and-modis-fire-data-comparison-for-brazil-2003-2004,education,1686236585177989581,54889402880.0
https://catalog.data.gov/dataset/resident-assessment-instrument-minimum-data-set-rai-mds,education,1686236646879674656,61701684992.0
https://catalog.data.gov/dataset/healthcare-cost-and-utilization-project-nationwide-readmissions-database-nrd,transport,1686236761731978881,114852304384.0
https://data.gov.uk/dataset/a4bc99fd-da3d-4a58-9b3b-3c5754899fdb/wolverhampton-brownfield-sites,education,1686236798859983424,37128004352.0
https://data.gov.uk/dataset/a3401841-fc27-4025-9e9d-28a86065bf10/lichfield-district-council-district-boundary,technology,1686236849672499713,50812516352.0
https://data.gov.uk/dataset/a3efc2a1-71a8-4ee9-b89f-2eb6790791e6/liverpool-electoral-ward-boundaries,education,1686236890567649736,40895150080.0
https://data.gov.uk/dataset/a7084c93-e519-46b8-b0a6-f8077d87b658/tdc-district-boundary,technology,1686236920173387943,29605738240.0
https://data.gov.uk/dataset/a67115c7-514c-471f-9692-027bd8393e2c/ordnance-survey-gis-datasets,education,1686237076484297694,156310909696.0
https://data.gov.uk/dataset/2d3b08e8-3386-46f5-a62a-efb96601e172/bracknell-forest-tree-preservation-order-tpo-areas,education,1686237093360610338,16876312576.0
https://data.gov.uk/dataset/d29ae5a8-8971-4af0-9935-91f87a809e5a/cattle-conditions,health,1686237129869870523,36509260288.0
https://data.gov.uk/dataset/dd196518-9447-40ad-a097-f0a055b07af1/product-recalls-and-withdrawals,health,1686237162129931262,32260060672.0
https://data.gov.uk/dataset/c7c438e8-86b4-4ceb-9015-a84afac2cb22/poultry-conditions,health,1686237198590491432,36460560128.0
https://data.gov.uk/dataset/a4c4b201-6d67-4bfa-b3c2-ada7e7a87eaa/fsa-workforce-managment-information,education,1686237244562372523,45971881216.0
https://data.gov.uk/dataset/f68d322b-d48e-4d35-9c4a-f783060c56b6/authorisations-held-by-fsa-staff,health,1686237304173707815,59611335168.0
https://data.gov.uk/dataset/fe9561e2-d697-4980-8fd9-c56c7735fc34/national-archives-diversity,technology,1686237363755896586,59582188800.0
https://data.gov.uk/dataset/ee4ee769-9d79-40b5-8426-6d46fa5e5546/performance-bonuses-data-tsol,education,1686237384942953796,21187057152.0
https://data.gov.uk/dataset/f6d61414-e4fe-4808-8623-3564014c7ab6/national-archives-workforce-management-data,education,1686237500826954691,115884001024.0
https://data.gov.uk/dataset/ac8be1d5-ee8c-4f0e-9124-dbb44cb77962/sheep-goat-conditions,climate_environment,1686237572758298277,71931343616.0
https://data.gov.uk/dataset/184fc1fe-93ec-4910-92fa-1a847aefc155/staff-survey-results-from-the-charity-commission-for-england-and-wales,climate_environment,1686237765774129136,193015830784.0
https://data.gov.uk/dataset/69e5cc8f-9581-485b-9bca-ea9f98022cc1/fsa-pay-scales,Agriculture,1686237826265367776,60491238656.0
https://data.gov.uk/dataset/b1f2560d-85ab-4bdc-a7f2-c0d086af31eb/dwelling-stock-registered-social-landlord-rsl-stock,technology,1686238772788036396,946522668544.0
https://data.gov.uk/dataset/3e5a96e3-75b2-4226-9c95-b74b1c4ea96d/pig-conditions,health,1686238848323068705,75535032320.0
https://catalog.data.gov/dataset/cancer-incidence-surveillance-epidemiology-and-end-results-seer-registries-limited-use,health,1686239053928184293,205605115648.0
https://data.gov.uk/dataset/8a671aef-e9e3-4e99-a9a4-7af6c03d6190/mental-health-prevalence-of-common-mental-health-problems,transport,1686239422596696532,368668512256.0
https://data.gov.uk/dataset/e4ff588a-34a0-443e-8385-7eeca6b01432/daventry-district-localities,technology,1686239464401539798,41804843264.0
https://data.gov.uk/dataset/e27ac665-48cc-4bf9-bcc6-af3a245b7715/assaults-on-police-officers,education,1686240079886530334,615484990464.0
https://data.gov.uk/dataset/a7af72da-a861-4131-ad9e-040a3d2888c1/marketing-advertising-exemption,transport,1686240560841005362,480954475008.0
https://data.gov.uk/dataset/e7e67ea6-565b-45a0-939f-ac6159590dad/reoffending-of-juveniles-england-and-wales,climate_environment,1686251493040911691,10932199906304.0
https://data.gov.uk/dataset/acc63c60-0850-49a9-afce-88d58cd1a1b2/ramsar-sites,education,1686257263657911263,5770616999680.0
https://data.gov.uk/dataset/9b38b87c-7c1b-4c9c-bb25-0b4828d4ca42/reoffending-of-adults-england-and-wales,climate_environment,1686257351904410877,88246499584.0
https://data.gov.uk/dataset/e30745e7-1d94-4b38-a228-068decc68625/police-force-boundaries-england-and-wales,climate_environment,1686257373957813006,22053402112.0
https://data.gov.uk/dataset/c9133356-a6a7-4e42-9314-38dde50e39fb/fixed-penalty-notice-litter,health,1686257430067594801,56109781760.0
https://data.gov.uk/dataset/efcf23bb-10d7-48ac-9f75-bdaf94f14aab/stroke-and-transient-ischaemic-attack-tia-pct-performance-data-from-vsmr,health,1686257492571926483,62504331776.0
https://data.gov.uk/dataset/b917c544-a94b-4992-adbd-c1b459b610b5/pension-forecasting-project,education,1686257526796066858,34224140288.0
https://data.gov.uk/dataset/3bf7663c-bae1-4249-a17a-be21d23234f7/crown-prosecution-service-workforce-management-information,finance,1686257576613834343,49817767424.0
https://data.gov.uk/dataset/7e7ef556-4173-4dcb-8eef-8ddde4e3824d/car-parks,education,1686257823355112265,246741277952.0
https://data.gov.uk/dataset/b55ef567-7f92-458a-8428-e4ab2a8e099c/water-put-into-public-water-supply-by-water-service-companies-and-water-supply-companies-1995-6-to-2010-11,health,1686257907387646967,84032534784.0
https://data.gov.uk/dataset/b07aa5a1-462e-4ea5-a74b-f19bd2f100ce/departmental-l-d-data,education,1686257942858894828,35471247872.0
https://data.gov.uk/dataset/3db80de0-92c7-4e7c-a475-adca4c4ad8e6/trust-data-marts,education,1686257960279103196,17420208384.0
https://data.gov.uk/dataset/59c0a6db-eb35-4895-9b28-7c7fb07a09fd/housing-and-planning-statistics,education,1686257992117324931,31838221824.0
https://data.gov.uk/dataset/b89025cb-8a00-4bf5-9b2a-791cfb95e99a/impact-of-invasive-species,Agriculture,1686258046952554231,54835229184.0
https://data.gov.uk/dataset/b4674861-f2a0-4dcd-bd5e-687d01380259/utilisation-of-milk-by-dairies-in-england-and-wales,climate_environment,1686258068458323164,21505768960.0
https://data.gov.uk/dataset/ea6fe0e4-56e6-4743-bc38-950168457caa/departmental-reports,transport,1686258116150196013,47691872768.0
https://data.gov.uk/dataset/ea3fa62c-a3bb-48bb-8909-fd337094c9d3/border-force-transparency-data,education,1686258141715232094,25565036032.0
https://data.gov.uk/dataset/38c45778-daf8-4e48-8ec6-7f263c55146e/housing-statistics-england,education,1686258213299863206,71584631296.0
https://data.gov.uk/dataset/b8e8ddf7-efc0-4517-a2a7-6b7e6ee99532/nhm-spend-data-p03,education,1686258241385153210,28085289984.0
https://data.gov.uk/dataset/3832fc72-ec45-46cf-9a8f-6b4e7553dfd1/core-social-housing-lettings-la-owned-reason-for-housing,education,1686258256765309659,15380156416.0
https://data.gov.uk/dataset/edb580f8-fdf7-4e22-a26c-33e9b8a9f72e/road-conditions-in-england,education,1686258274041835961,17276526336.0
https://data.gov.uk/dataset/fea3f2e8-c2de-4415-bc7b-ec42090d6980/homes-and-communities-agency-housing-statistics,education,1686258393272298631,119230462720.0
https://data.gov.uk/dataset/7e887b77-2886-4829-b325-2f40ee741650/homes-and-communities-agency-national-housing-statistics,education,1686258512410769330,119138470656.0
https://data.gov.uk/dataset/487aaf6c-e515-4bd6-a96d-64cabaffc175/count-of-datasets-on-data-gov-uk-over-time,transport,1686258621881136465,109470366976.0
https://data.gov.uk/dataset/99ca1740-ab53-4c62-8f73-d21a330777b8/rural-development-programme-for-england-rdpe-delivery-team-electronic-case-file-viewer,education,1686258749780100534,127898964224.0
https://data.gov.uk/dataset/183b33f8-9a37-47dc-a829-fa09485d7a23/additional-affordable-dwellings,health,1686308898078148840,50148298048256.0
https://data.gov.uk/dataset/0823a3cc-8455-4a30-b684-64f5ae4ab57b/net-supply-of-housing-for-england,education,1686309085849483587,187771334656.0
https://data.gov.uk/dataset/b187e5bd-f85b-4ec7-b2d0-0081d509fe7a/public-expenditure-statistical-analysis-2009-public-corporations,education,1686309743566191390,657716707840.0
https://data.gov.uk/dataset/a4ba6da5-c52f-4387-ad37-df3dc1b36b0f/public-expenditure-statistical-analysis-2009-local-government-financing-and-expenditure,education,1686309858898264376,115332072960.0
https://data.gov.uk/dataset/b472d814-135d-4e0a-90d5-8abb4edeae4b/public-expenditure-statistical-analysis-2009-public-sector-expenditure-by-function-sub-function-and-economic-category,education,1686309952393537703,93495273472.0
https://data.gov.uk/dataset/b5ec78eb-afa6-4f96-8351-4fda5bb484c5/provisional-uk-official-development-assistance-as-a-proportion-of-gross-national-income,transport,1686309982780574319,30387036416.0
https://data.gov.uk/dataset/acd6dab8-4fba-4fd9-b459-55fb7adda898/royal-botanic-gardens-kew-government-procurement-card-spend-transactions-over-500,climate_environment,1686310027722129022,44941554688.0
https://data.gov.uk/dataset/689b42c7-79ff-4332-aaba-4e11cd2a491a/prompt-payment-data,transport,1686311459760833856,1432038704896.0
https://data.gov.uk/dataset/e4eddf62-09b4-4cf5-b5b2-acf63e0097cb/hmrc-prompt-payment-data,transport,1686311504414761260,44653927424.0
https://data.gov.uk/dataset/d4f588a6-6fe3-4adc-9504-95be21d3bc91/derby-city-council-ward-boundaries,health,1686311895231849149,390817088000.0
https://data.gov.uk/dataset/cb00d22d-4985-4056-a347-b509f2fefd9d/hackney-estates-boundaries,education,1686311937124728709,41892879616.0
https://data.gov.uk/dataset/ccd8a4fe-0e6e-4a63-84af-3e0c6a57a6e3/sunderland-ward-boundary-2004,education,1686311956139220503,19014491648.0
https://data.gov.uk/dataset/e5099059-613d-4d66-a48a-9622a8e1eb95/local-justice-reinvestment-pilots-demand-on-the-criminal-justice-system,education,1686312282050062740,325910842368.0
https://data.gov.uk/dataset/a3499797-149b-4540-ad53-581b08aa8325/dfid-live-data-page-for-energy-and-water-consumption,health,1686312335029880318,52979817472.0
https://data.gov.uk/dataset/a779a04d-bc62-4a0b-9037-3515b0185235/rural-development-programme-for-england-rdpe-delivery-east-of-england-cambridge,education,1686312395140277469,60110397184.0
https://data.gov.uk/dataset/b6eb0cfe-1fee-4686-99ec-da4af09543f8/segmentation-study-anonymised-data,education,1686312746468799789,351328522240.0
https://data.gov.uk/dataset/adf3a229-ce51-4928-9741-4958126b8dcd/rural-development-programme-for-england-rdpe-delivery-south-east-paper-files-weybridge,education,1686312762563524681,16094724864.0
https://data.gov.uk/dataset/9c6c631b-945a-446a-b5ef-71726f7359ba/public-attitudes-to-science,education,1686325977381018309,13214817493760.0
https://data.gov.uk/dataset/0bbb87ad-dada-4482-8e16-cacb641bfb33/gender-recognition-certificate-statistics,transport,1686326046659336417,69278318080.0
https://data.gov.uk/dataset/2a71ec41-c62b-4d1e-9eec-c108084ebf5f/national-archives-staff-diversity,technology,1686326745495967868,698836631296.0
https://data.gov.uk/dataset/44dca9c7-6c06-46d1-9816-f47b3bd652e3/field-operations-staff-hours,education,1686326776535272962,31039305216.0
https://data.gov.uk/dataset/dbdda7a2-44e2-4466-a708-f99b8236d175/national-archives-staff-engagement,technology,1686327007031035489,230495762432.0
https://data.gov.uk/dataset/b788957d-5e9e-43b4-b00e-7d61274085d4/payment-performance,transport,1686327109075198535,102044163072.0
https://data.gov.uk/dataset/8c3d4121-bb4f-4342-9e07-a805e316c581/english-business-survey,Agriculture,1686327540513481342,431438282752.0
https://data.gov.uk/dataset/e9cae655-8eb0-4c54-aecc-559cf66c2cd7/police-recorded-crime-data-by-community-safety-partnership-and-police-force-area,education,1686327598256348287,57742866944.0
https://data.gov.uk/dataset/ec901880-1b3c-49f9-ab9f-e9c7629b8bbd/cervical-screening-programme-england,education,1686327713594620129,115338272000.0
https://data.gov.uk/dataset/44dea418-483e-43f1-80f8-4694b2edaa01/historical-coal-data-coal-production-availability-and-consumption,education,1686327783531406678,69936786432.0
https://data.gov.uk/dataset/01cde42d-30fd-4dec-8b49-c24e450b934d/ni-047-people-killed-or-seriously-injured-in-road-traffic-accidents,education,1686327850840075114,67308668416.0
https://data.gov.uk/dataset/dc29b089-cd10-4a1c-89e7-0d803ddcd3cd/tax-avoidance-schemes-accelerated-payments,education,1686327958002981908,107162906880.0
https://data.gov.uk/dataset/2388760f-262b-41f1-b8ad-8ab8a3f1b773/tax-gap-data,education,1686328001913989638,43911007744.0
https://data.gov.uk/dataset/16e9d363-8a77-4fb9-beac-ad281145cfaf/guernsey-and-jersey-sales-and-tax-data-small-consignments,education,1686328163874250811,161960261120.0
https://data.gov.uk/dataset/785da28b-83e0-429d-ae9f-ebd753056868/greater-anglia-data-site,education,1686328434304379155,270430128384.0
https://catalog.data.gov/dataset/medicare-provider-and-supplier-taxonomy-crosswalk-368b9,transport,1686328451280431264,16976052224.0
https://data.gov.uk/dataset/8a80665e-be56-4519-a1e0-2775f431410d/drug-use-in-ireland-and-northern-ireland-drug-prevalence-survey-polydrug-use-results,health,1686328566988055135,115707623680.0
https://data.gov.uk/dataset/e801a7ed-472a-4c05-aad6-0bdfe9b87430/higher-education-enrolments-and-qualifications-obtained-at-higher-education-institutions-in-the-uk,technology,1686328592356354928,25368299776.0
https://data.gov.uk/dataset/f2b53304-9dba-4613-b2e5-1161bbaa7db6/number-of-mortgages-to-first-time-buyers-in-england,finance,1686328620392559691,28036204800.0
https://data.gov.uk/dataset/0decdde3-77e3-4913-9e38-9e72434e7939/benefit-sanction-regime-data-for-jobseekers-allowance-and-employment-support-allowance,education,1686329214575122808,594182563072.0
https://data.gov.uk/dataset/1b7a9aae-ebb9-4c53-89b4-b9436fd5e99c/immigration-statistics-historical-data-asylum,education,1686329528033322928,313458200320.0
https://data.gov.uk/dataset/3baac3c2-6852-4522-87bf-eb7b3413c494/airports-commission-meetings-with-stakeholders,transport,1686329598250566127,70217243136.0
https://data.gov.uk/dataset/f27c3067-d177-4b31-be43-bb671dc79a22/dementia-projections,transport,1686329833783499712,235532933632.0
https://data.gov.uk/dataset/ff844467-1634-4210-b903-24b1061692c9/government-major-projects-portfolio-data-for-dft,education,1686329861792094979,28008595200.0
https://data.gov.uk/dataset/1a660e6f-b0ee-4207-9102-7fbb36a07839/historic-rail-passenger-demand-and-revenue-data,education,1686329989662093139,127869998080.0
https://data.gov.uk/dataset/98375c15-9c5a-4437-a0a7-107ec021b01d/historical-rail-passenger-demand-data,education,1686330137725308361,148063215360.0
https://catalog.data.gov/dataset/livestock-meat-domestic-data,education,1686330468777638078,331052329728.0
https://data.gov.uk/dataset/f1103f6c-044f-48a8-9fe5-cef8fe647046/data-on-gb-new-van-sales-from-jato,education,1686330566986825551,98209187328.0
https://catalog.data.gov/dataset/allegheny-county-property-assessments,education,1686330596372102340,29385276928.0
https://catalog.data.gov/dataset/cannabis-retail-sales-by-week-ending,education,1686330668087884993,71715782656.0
https://catalog.data.gov/dataset/global-landslide-catalog-export,transport,1686330735908119907,67820234752.0
https://data.gov.uk/dataset/4e037734-c181-43e8-9ca1-574ca124ef11/public-perceptions-of-policing-engagement-with-the-police-and-victimisation-findings-from-the-2009-10-british-crime-survey-supplementary-volume-1-to-crime-in-england-and-wales-2009-10,education,1686330972921417984,237013298176.0
https://data.gov.uk/dataset/93e99998-fc08-4e9f-93b4-c90e316f3665/data-on-business-critical-it-systems,education,1686331257425421679,284504003584.0
https://data.gov.uk/dataset/6f528fb0-084b-4dbc-8fe2-3833d5ffc006/feed-in-tariff-scheme-generation-data,education,1686331428841886393,171416464896.0
https://data.gov.uk/dataset/7776f393-5b07-47ff-9378-5bd95946ec37/government-shared-services-data-site,education,1686331542089192093,113247305728.0
https://data.gov.uk/dataset/9cba4b9b-18bb-4d03-b77c-117315d1e1ea/historical-gas-data-gas-production-and-consumption-and-fuel-input,education,1686331640439120304,98349928192.0
https://catalog.data.gov/dataset/behavioral-risk-factor-data-tobacco-use-2011-to-present,transport,1686331756717275386,116278155008.0
https://catalog.data.gov/dataset/my-brothers-keeper-key-statistical-indicators-on-boys-and-men-of-color,education,1686332060851733310,304134457856.0
https://catalog.data.gov/dataset/covid-19-hospital-data-7af67,education,1686332119403633448,58551900160.0
https://data.gov.uk/dataset/07dc49f9-975b-46ac-8cdb-4a083429ed37/business-plan-statistical-appendix-bpsa,education,1686332313913265057,194509631744.0
https://data.gov.uk/dataset/3768fd01-2fa1-4514-82d4-ced4aad3e3e5/housing-finance-and-household-expenditure,education,1686333556935779944,1243022514688.0
https://data.gov.uk/dataset/36346ee0-b4e1-46ea-879f-4a9f139cfa0c/fire-statistics-firefighters-pensions,technology,1686333577172015653,20236235776.0
https://data.gov.uk/dataset/78924169-fedb-44ad-9367-94b8aaae9b89/live-nndr-accounts-properties-2015-2016,education,1686333890112111421,312940095744.0
https://data.gov.uk/dataset/7a311eda-1596-48e5-9d88-5cdf87682ae2/previously-developed-land-brownfield-sites-in-wolverhampton,education,1686333911329090931,21216979456.0
https://data.gov.uk/dataset/6e1c252c-5635-45b7-ba7d-cfd80828b004/national-offender-management-service-workforce-statistics,Agriculture,1686334183971738917,272642648064.0
https://data.gov.uk/dataset/7a2f183f-8664-4e05-8e2a-751c2e006988/youth-custody-data,education,1686334210895237176,26923498240.0
https://data.gov.uk/dataset/45d03167-1c0c-4f5d-80e6-52487f2d436e/crime-in-england-and-wales-experimental-statistics-on-victimisation-of-children,climate_environment,1686334298688781110,87793543936.0
https://data.gov.uk/dataset/e3cf857e-5fa9-49a0-8ac3-705de956999d/department-for-environment-food-and-rural-affairs-defra-parliamentary-questions-systen-pq-system,climate_environment,1686334694372581594,395683800576.0
https://catalog.data.gov/dataset/national-pipeline-mapping-system,transport,1686335443198357411,748825775872.0
https://catalog.data.gov/dataset/pittsburgh-american-community-survey-2014-miscellaneous-data,education,1686335516065876143,72867518720.0
https://catalog.data.gov/dataset/safe-drinking-water-information-system-sdwis-federal-reports-advanced-search-tool,health,1686335661674221261,145608345088.0
https://catalog.data.gov/dataset/petroleum-other-liquids-data-and-statistics,education,1686335739357739686,77683518464.0
https://catalog.data.gov/dataset/purchase-orders-and-contracts,transport,1686335789364226189,50006486528.0
https://catalog.data.gov/dataset/piers-shipping-information,transport,1686335832482221524,43117995264.0
https://catalog.data.gov/dataset/1-08-crash-data-report-detail-498c3,education,1686335861254703496,28772482048.0
https://catalog.data.gov/dataset/heart-disease-mortality-data-among-us-adults-35-by-state-territory-and-county-2018-2020-3a2b0,health,1686335878371661628,17116957952.0
https://data.gov.uk/dataset/67f809fb-7bfe-4baa-abe4-090d48cfc323/schools-in-england,transport,1686335904503531891,26131870208.0
https://data.gov.uk/dataset/68c78862-f7b7-40d5-94e3-187b90cd1733/department-for-education-business-plan-quarterly-data-summary,education,1686335993590025040,89086493184.0
https://data.gov.uk/dataset/907832e7-4c63-44d8-b156-085681c111ae/property,health,1686336476941564037,483351539200.0
https://data.gov.uk/dataset/feb4eb00-b962-4b58-bfaa-3afd79763a9b/sevenoaks-district-council-polling-district-boundaries,technology,1686336506162627145,29221062912.0
https://data.gov.uk/dataset/3124f12b-205a-4776-b415-9cd69a94aae7/bracknell-forest-primary-school-designated-areas,technology,1686336654162212526,147999585536.0
https://data.gov.uk/dataset/475edc51-193e-42a5-8557-6abd3409be23/safety-in-custody,education,1686336730976000569,76813787904.0
https://data.gov.uk/dataset/8f4bd114-7fd2-44ca-91ce-173b107664fc/an-overview-of-sexual-offending-in-england-and-wales,climate_environment,1686336775020252696,44044252160.0
https://data.gov.uk/dataset/6050668e-12fe-49d1-9018-74309cdd3037/police-workforce-by-ethnicity,education,1686336795858282076,20838029312.0
https://data.gov.uk/dataset/9911b90b-a09f-4c0f-9bd0-48216aa5734d/crime-outcomes-in-england-and-wales,climate_environment,1686336826106392300,30248110336.0
https://data.gov.uk/dataset/993ba801-ff29-4509-96ef-b48fbcd0dd55/dclg-data4nr-british-crime-survey-incidents-of-crime-and-victimisation-rates,education,1686336849752441123,23646048768.0
https://data.gov.uk/dataset/f92e60cd-ea9d-4561-b8df-ba979bda82eb/arrests-by-ethnicity,education,1686336858714953362,8962512384.0
https://data.gov.uk/dataset/489fc1a2-f42f-4c14-8d57-7c8024d31c34/freshstart,education,1686336917945610993,59230657536.0
https://data.gov.uk/dataset/4f075590-01c0-4902-947d-9084f64b5900/farm-incomes,transport,1686337196619309479,278673698560.0
https://data.gov.uk/dataset/5270abf8-6827-498b-9e56-bc308bfb7f27/farm-business-survey-incomes,transport,1686337249067349644,52448040192.0
https://data.gov.uk/dataset/4b892728-a9bb-4f8d-9c5f-6f0a50eafcfb/department-for-food-environment-and-rural-affairs-defra-omnicom-contract-management-system,climate_environment,1686337301306117342,52238767616.0
https://data.gov.uk/dataset/4ecdab6e-f68e-4b5c-9df1-abe4396b548c/rural-development-programme-for-england-rdpe-delivery-east-of-england-cambridge,education,1686337353047980602,51741863168.0
https://catalog.data.gov/dataset/health-care-provider-credential-data,education,1686337491533512111,138485531648.0
https://catalog.data.gov/dataset/nys-traffic-data-viewer,education,1686337508106118876,16572606720.0
https://catalog.data.gov/dataset/street-address-listing,Agriculture,1686337529710548694,21604429824.0
https://catalog.data.gov/dataset/louisville-metro-ky-animal-service-intake-and-outcome,education,1686337564877319326,35166770688.0
https://catalog.data.gov/dataset/sales-tax-collections-by-state,education,1686337622223825074,57346505728.0
https://catalog.data.gov/dataset/odf-fire-occurrence-data-2000-2022,transport,1686337669087019959,46863194880.0
https://catalog.data.gov/dataset/fails-to-deliver-data,education,1686337704363199198,35276179200.0
https://catalog.data.gov/dataset/places-zcta-data-gis-friendly-format-2020-release-f976e,health,1686338015194607915,310831408640.0
https://data.gov.uk/dataset/8734b0b3-c910-40fc-bd25-43804bf9c367/pupils-by-ethnic-group-in-maintained-schools,transport,1686338093634630008,78440022016.0
https://data.gov.uk/dataset/a326079f-ee92-42a6-b27d-7e1b590f412f/statistics-from-the-northern-ireland-needle-and-syringe-exchange-scheme,health,1686338255247505186,161612875264.0
https://data.gov.uk/dataset/9f3025d4-95e6-4bf9-8e31-b5bfc6914cfb/diversity-data-sap-reports-and-downloads,education,1686341752084711894,3496837206784.0
https://data.gov.uk/dataset/ef677418-31c9-439f-98fe-69f9a2f8618d/lichfield-district-council-parishes,technology,1686341877977584744,125892872704.0
https://data.gov.uk/dataset/f83357a1-946f-473f-ae5b-29efe046ec9a/lichfield-district-council-staffordshire-district-boundaries,technology,1686341905743725976,27766141440.0
https://data.gov.uk/dataset/c7758e54-2ed8-44e4-8504-31bbb557919a/bracknell-forest-flood-asset-register-points,technology,1686341955738735220,49995009024.0
https://data.gov.uk/dataset/5a3dd113-d867-4fdb-bb20-0facee30acdc/bracknell-forest-flood-asset-register-lines,technology,1686341986463669618,30724934400.0
https://data.gov.uk/dataset/9b4e54c4-a9af-4b1b-b63b-d31270fb2ffe/teignbridge-district-boundary,technology,1686342145986821711,159523152128.0
https://data.gov.uk/dataset/e30267e6-f88b-436b-991d-d1f4324fbfe1/maps-of-north-yorkshire,education,1686342206433585970,60446764288.0
https://data.gov.uk/dataset/f3277b62-8a7f-43b3-b04e-55b58ea033c0/drug-misuse-declared-england-and-wales,climate_environment,1686342437606058423,231172472576.0
https://data.gov.uk/dataset/f92f5404-84b4-4d22-bd7e-38ff23bbc50f/new-criminal-offences-england-and-wales,climate_environment,1686342452622752555,15016694016.0
https://data.gov.uk/dataset/f813013f-c193-4931-bc99-a1ee9dba3a17/an-overview-of-sexual-offending-in-england-and-wales,climate_environment,1686342474203042120,21580289536.0
https://data.gov.uk/dataset/f9d95684-7c83-4716-9252-629cc112bed2/planet-planning-casework-database,technology,1686342486423837453,12220795392.0
https://data.gov.uk/dataset/f79e08ad-2023-4d3a-a2eb-f5db5395dd7e/race-and-the-criminal-justice-system,education,1686342497758612628,11334775296.0
https://data.gov.uk/dataset/f79c8194-93b0-41eb-bba5-56a83fd32f10/historical-crime-data,education,1686342633131458726,135372846080.0
https://data.gov.uk/dataset/0f91ea25-3484-4294-bced-3b047141e6e7/rhpp2-admin-data,education,1686342748282758459,115151299584.0
https://data.gov.uk/dataset/f48382ba-a766-4690-a389-1f84ae8ec4f2/lichfield-district-council-call-for-sites,technology,1686917967042340224,575218759581952.0
https://data.gov.uk/dataset/116e3661-607f-4c18-a9ca-21d8c8d34037/the-single-data-list-for-central-government-departments,education,1686918184916151320,217873810944.0
https://data.gov.uk/dataset/135a6c4d-1e36-4c9f-9762-6a70e53a3a88/rhi-monthly-data,education,1686918222836230908,37920079616.0
https://data.gov.uk/dataset/81ee5b4e-9744-4c12-89b2-7a34a58004ac/attainment-and-finance-data-for-primary-schools-england-2009,education,1686918341940261776,119104030976.0
https://catalog.data.gov/dataset/the-bronson-files-dataset-7-field-13-2015-ebe3e,education,1686918411714280513,69774018560.0
https://catalog.data.gov/dataset/summer-sports-experience,education,1686918437558076690,25843796224.0
https://data.gov.uk/dataset/5438d88d-695b-4381-a5f2-6ea03bf3dcf0/electric-chargepoint-analysis-2017-domestics,education,1686918525994100910,88436024320.0
https://data.gov.uk/dataset/6b88e706-60f6-448f-a938-58743ab8d2a1/air-fares-data,education,1686918651551286033,125557185024.0
